source,tile_row,tile_col,latitude,longitude,anomaly_score,instability_type,instability_reason,mean_brightness,brightness_std,reconstruction_mean,brightness_delta,mean_reconstruction_error,error_std,high_error_pixel_ratio,vertical_edge_strength,horizontal_edge_strength,total_edge_strength,center_error,border_error,center_border_error_ratio,is_anomaly,instability_level,instability_description
data/raw/sentinel2_active_sample.tif,192,320,35.93037678690171,126.98359709307675,0.2938806414604187,넓은 밝은 노출면 가능성,"타일 전체가 주변보다 밝게 반사되어 나지, 마른 토양, 콘크리트, 암반 노출 같은 표면 변화 가능성이 있습니다. 오차가 타일 중심부에 집중되어 국소적인 표면 변화 가능성이 큽니다.",0.5354076027870178,0.08496686816215515,0.0,0.5354076027870178,0.5354076027870178,0.08496686816215515,0.100830078125,0.010745194740593433,0.011931625194847584,0.022676819935441017,0.5928299427032471,0.5083816051483154,1.16611210299455,True,매우 높음,"주변 타일보다 반사 특성이 크게 달라 지형 변화, 인공 구조물, 그림자, 수계 경계 같은 원인 확인이 필요합니다."
data/raw/sentinel2_active_sample.tif,0,256,35.94755740028494,126.97606551845591,0.2825803756713867,넓은 밝은 노출면 가능성,"타일 전체가 주변보다 밝게 반사되어 나지, 마른 토양, 콘크리트, 암반 노출 같은 표면 변화 가능성이 있습니다. 오차가 타일 전반에 퍼져 있어 넓은 면적의 표면 차이 가능성이 있습니다.",0.528331995010376,0.05869986489415169,0.0,0.528331995010376,0.528331995010376,0.05869986489415169,0.1015625,0.009855636395514011,0.009689047932624817,0.01954468432813883,0.5301392674446106,0.5281268358230591,1.0038105081678252,True,매우 높음,"주변 타일보다 반사 특성이 크게 달라 지형 변화, 인공 구조물, 그림자, 수계 경계 같은 원인 확인이 필요합니다."
data/raw/sentinel2_active_sample.tif,512,448,35.90178046177391,126.99850475997196,0.2512337565422058,넓은 밝은 노출면 가능성,"타일 전체가 주변보다 밝게 반사되어 나지, 마른 토양, 콘크리트, 암반 노출 같은 표면 변화 가능성이 있습니다. 오차가 타일 전반에 퍼져 있어 넓은 면적의 표면 차이 가능성이 있습니다.",0.49651938676834106,0.06857287138700485,0.0,0.49651938676834106,0.49651938676834106,0.06857287138700485,0.100341796875,0.011711922474205494,0.01124497503042221,0.022956897504627705,0.5098469853401184,0.4879990220069885,1.0447705063901072,True,매우 높음,"주변 타일보다 반사 특성이 크게 달라 지형 변화, 인공 구조물, 그림자, 수계 경계 같은 원인 확인이 필요합니다."
data/raw/sentinel2_active_sample.tif,384,64,35.912597095717416,126.95568124912528,0.24661855399608612,넓은 밝은 노출면 가능성,"타일 전체가 주변보다 밝게 반사되어 나지, 마른 토양, 콘크리트, 암반 노출 같은 표면 변화 가능성이 있습니다. 오차가 타일 중심부에 집중되어 국소적인 표면 변화 가능성이 큽니다.",0.4884570837020874,0.08960016816854477,0.0,0.4884570837020874,0.4884570837020874,0.08960016816854477,0.1005859375,0.012625419534742832,0.011588914319872856,0.02421433385461569,0.5712130069732666,0.4573942720890045,1.2488416270812286,True,매우 높음,"주변 타일보다 반사 특성이 크게 달라 지형 변화, 인공 구조물, 그림자, 수계 경계 같은 원인 확인이 필요합니다."
data/raw/sentinel2_active_sample.tif,384,512,35.913432004552604,127.00530314037776,0.23745429515838623,넓은 밝은 노출면 가능성,"타일 전체가 주변보다 밝게 반사되어 나지, 마른 토양, 콘크리트, 암반 노출 같은 표면 변화 가능성이 있습니다. 오차가 타일 중심부에 집중되어 국소적인 표면 변화 가능성이 큽니다.",0.4743266999721527,0.11166226863861084,0.0,0.4743266999721527,0.4743266999721527,0.11166226863861084,0.101318359375,0.012760796584188938,0.011427170597016811,0.02418796718120575,0.5269529819488525,0.45341286063194275,1.1621924027792538,True,매우 높음,"주변 타일보다 반사 특성이 크게 달라 지형 변화, 인공 구조물, 그림자, 수계 경계 같은 원인 확인이 필요합니다."
data/raw/sentinel2_active_sample.tif,448,128,35.906950989173524,126.96291784760622,0.23644891381263733,넓은 밝은 노출면 가능성,"타일 전체가 주변보다 밝게 반사되어 나지, 마른 토양, 콘크리트, 암반 노출 같은 표면 변화 가능성이 있습니다. 오차가 타일 전반에 퍼져 있어 넓은 면적의 표면 차이 가능성이 있습니다.",0.4798307418823242,0.07881209254264832,0.0,0.4798307418823242,0.4798307418823242,0.07881209254264832,0.1015625,0.012211167253553867,0.011112731881439686,0.023323899134993553,0.5127913951873779,0.4656226336956024,1.101302552922313,True,매우 높음,"주변 타일보다 반사 특성이 크게 달라 지형 변화, 인공 구조물, 그림자, 수계 경계 같은 원인 확인이 필요합니다."
data/raw/sentinel2_active_sample.tif,0,320,35.94767682375561,126.98315744581525,0.2256830334663391,넓은 밝은 노출면 가능성,"타일 전체가 주변보다 밝게 반사되어 나지, 마른 토양, 콘크리트, 암반 노출 같은 표면 변화 가능성이 있습니다. 오차가 타일 중심부에 집중되어 국소적인 표면 변화 가능성이 큽니다.",0.4666236937046051,0.08913683891296387,0.0,0.4666236937046051,0.4666236937046051,0.08913683891296387,0.101318359375,0.011675904504954815,0.010793385095894337,0.02246928960084915,0.5207532644271851,0.45026886463165283,1.1565384714157234,True,매우 높음,"주변 타일보다 반사 특성이 크게 달라 지형 변화, 인공 구조물, 그림자, 수계 경계 같은 원인 확인이 필요합니다."
data/raw/sentinel2_active_sample.tif,0,192,35.94743755813346,126.9689736328982,0.2243170142173767,넓은 밝은 노출면 가능성,"타일 전체가 주변보다 밝게 반사되어 나지, 마른 토양, 콘크리트, 암반 노출 같은 표면 변화 가능성이 있습니다. 오차가 타일 전반에 퍼져 있어 넓은 면적의 표면 차이 가능성이 있습니다.",0.46557947993278503,0.08690666407346725,0.0,0.46557947993278503,0.46557947993278503,0.08690666407346725,0.10009765625,0.013038378208875656,0.01090134959667921,0.023939727805554867,0.4745461344718933,0.4622874855995178,1.0265173712337852,True,매우 높음,"주변 타일보다 반사 특성이 크게 달라 지형 변화, 인공 구조물, 그림자, 수계 경계 같은 원인 확인이 필요합니다."
data/raw/sentinel2_active_sample.tif,448,448,35.90754722709239,126.99835948770864,0.2022215723991394,넓은 밝은 노출면 가능성,"타일 전체가 주변보다 밝게 반사되어 나지, 마른 토양, 콘크리트, 암반 노출 같은 표면 변화 가능성이 있습니다. 오차가 타일 전반에 퍼져 있어 넓은 면적의 표면 차이 가능성이 있습니다.",0.44334107637405396,0.07530102878808975,0.0,0.44334107637405396,0.44334107637405396,0.07530102878808975,0.100341796875,0.008626356720924377,0.009648693725466728,0.018275050446391106,0.46413788199424744,0.4254382848739624,1.0909640681062587,True,매우 높음,"주변 타일보다 반사 특성이 크게 달라 지형 변화, 인공 구조물, 그림자, 수계 경계 같은 원인 확인이 필요합니다."
data/raw/sentinel2_active_sample.tif,0,384,35.9477958285376,126.99024941483022,0.19681516289710999,넓은 밝은 노출면 가능성,"타일 전체가 주변보다 밝게 반사되어 나지, 마른 토양, 콘크리트, 암반 노출 같은 표면 변화 가능성이 있습니다. 오차가 타일 전반에 퍼져 있어 넓은 면적의 표면 차이 가능성이 있습니다.",0.4294789433479309,0.11118897050619125,0.0,0.4294789433479309,0.4294789433479309,0.11118897050619125,0.103759765625,0.01101213414222002,0.01135243009775877,0.02236456423997879,0.4107305407524109,0.4399843215942383,0.9335117652923874,True,매우 높음,"주변 타일보다 반사 특성이 크게 달라 지형 변화, 인공 구조물, 그림자, 수계 경계 같은 원인 확인이 필요합니다."
data/raw/sentinel2_active_sample.tif,256,512,35.92496555460189,127.00501341737751,0.1839611679315567,넓은 밝은 노출면 가능성,"타일 전체가 주변보다 밝게 반사되어 나지, 마른 토양, 콘크리트, 암반 노출 같은 표면 변화 가능성이 있습니다. 오차가 타일 중심부에 집중되어 국소적인 표면 변화 가능성이 큽니다.",0.42389991879463196,0.06534542888402939,0.0,0.42389991879463196,0.42389991879463196,0.06534542888402939,0.100830078125,0.010835163295269012,0.00974290631711483,0.020578069612383842,0.4701305031776428,0.4033430814743042,1.1655846468451039,True,매우 높음,"주변 타일보다 반사 특성이 크게 달라 지형 변화, 인공 구조물, 그림자, 수계 경계 같은 원인 확인이 필요합니다."
data/raw/sentinel2_active_sample.tif,448,192,35.90707107288672,126.97000609219185,0.1818176507949829,넓은 밝은 노출면 가능성,"타일 전체가 주변보다 밝게 반사되어 나지, 마른 토양, 콘크리트, 암반 노출 같은 표면 변화 가능성이 있습니다. 오차가 타일 전반에 퍼져 있어 넓은 면적의 표면 차이 가능성이 있습니다.",0.41667041182518005,0.09057274460792542,0.0,0.41667041182518005,0.41667041182518005,0.09057274460792542,0.10009765625,0.01125514879822731,0.010441714897751808,0.02169686369597912,0.42967450618743896,0.40529051423072815,1.0601642305963994,True,매우 높음,"주변 타일보다 반사 특성이 크게 달라 지형 변화, 인공 구조물, 그림자, 수계 경계 같은 원인 확인이 필요합니다."
data/raw/sentinel2_active_sample.tif,64,448,35.942147691733034,126.99748698682902,0.17656628787517548,넓은 밝은 노출면 가능성,"타일 전체가 주변보다 밝게 반사되어 나지, 마른 토양, 콘크리트, 암반 노출 같은 표면 변화 가능성이 있습니다. 오차가 타일 전반에 퍼져 있어 넓은 면적의 표면 차이 가능성이 있습니다.",0.4147137403488159,0.06766680628061295,0.0,0.4147137403488159,0.4147137403488159,0.06766680628061295,0.10107421875,0.009829621762037277,0.010072545148432255,0.019902166910469532,0.44251465797424316,0.40041863918304443,1.1051300181157533,True,매우 높음,"주변 타일보다 반사 특성이 크게 달라 지형 변화, 인공 구조물, 그림자, 수계 경계 같은 원인 확인이 필요합니다."
data/raw/sentinel2_active_sample.tif,0,448,35.94791441462306,126.99734142535472,0.17564097046852112,넓은 밝은 노출면 가능성,"타일 전체가 주변보다 밝게 반사되어 나지, 마른 토양, 콘크리트, 암반 노출 같은 표면 변화 가능성이 있습니다. 오차가 타일 전반에 퍼져 있어 넓은 면적의 표면 차이 가능성이 있습니다.",0.40755271911621094,0.09768182784318924,0.0,0.40755271911621094,0.40755271911621094,0.09768182784318924,0.10009765625,0.008872714824974537,0.009372965432703495,0.018245680257678032,0.37986260652542114,0.4185582995414734,0.9075500520275359,True,매우 높음,"주변 타일보다 반사 특성이 크게 달라 지형 변화, 인공 구조물, 그림자, 수계 경계 같은 원인 확인이 필요합니다."
data/raw/sentinel2_active_sample.tif,192,384,35.93049571654957,126.99068751866893,0.16905935108661652,국소 밝은 반사체 가능성,"일부 영역이 주변보다 밝게 나타나 건물 지붕, 도로, 공사장 일부, 노출 토양 가능성을 확인해야 합니다. 고오차 픽셀 비율은 약 10%입니다. 오차가 타일 전반에 퍼져 있어 넓은 면적의 표면 차이 가능성이 있습니다.",0.3927537798881531,0.12167094647884369,0.0,0.3927537798881531,0.3927537798881531,0.12167094647884369,0.100341796875,0.009924422949552536,0.010500901378691196,0.020425324328243732,0.427151620388031,0.38195109367370605,1.1183411370277132,True,매우 높음,"주변 타일보다 반사 특성이 크게 달라 지형 변화, 인공 구조물, 그림자, 수계 경계 같은 원인 확인이 필요합니다."
data/raw/sentinel2_active_sample.tif,448,512,35.90766522044284,127.00544794015262,0.16386935114860535,국소 밝은 반사체 가능성,"일부 영역이 주변보다 밝게 나타나 건물 지붕, 도로, 공사장 일부, 노출 토양 가능성을 확인해야 합니다. 고오차 픽셀 비율은 약 10%입니다. 오차가 타일 중심부에 집중되어 국소적인 표면 변화 가능성이 큽니다.",0.3810453414916992,0.13665209710597992,0.0,0.3810453414916992,0.3810453414916992,0.13665209710597992,0.10107421875,0.01397268008440733,0.01308404840528965,0.02705672848969698,0.4550713300704956,0.352036714553833,1.292681448431444,True,매우 높음,"주변 타일보다 반사 특성이 크게 달라 지형 변화, 인공 구조물, 그림자, 수계 경계 같은 원인 확인이 필요합니다."
data/raw/sentinel2_active_sample.tif,768,448,35.87871333991492,126.99908543646134,0.16119804978370667,넓은 밝은 노출면 가능성,"타일 전체가 주변보다 밝게 반사되어 나지, 마른 토양, 콘크리트, 암반 노출 같은 표면 변화 가능성이 있습니다. 오차가 타일 전반에 퍼져 있어 넓은 면적의 표면 차이 가능성이 있습니다.",0.39103686809539795,0.09103955328464508,0.0,0.39103686809539795,0.39103686809539795,0.09103955328464508,0.10009765625,0.01352210808545351,0.013348388485610485,0.026870496571063995,0.42060333490371704,0.370743989944458,1.1344845670100507,True,매우 높음,"주변 타일보다 반사 특성이 크게 달라 지형 변화, 인공 구조물, 그림자, 수계 경계 같은 원인 확인이 필요합니다."
data/raw/sentinel2_active_sample.tif,256,448,35.92484748668815,126.99792342319012,0.16076555848121643,넓은 밝은 노출면 가능성,"타일 전체가 주변보다 밝게 반사되어 나지, 마른 토양, 콘크리트, 암반 노출 같은 표면 변화 가능성이 있습니다. 오차가 타일 전반에 퍼져 있어 넓은 면적의 표면 차이 가능성이 있습니다.",0.3886793851852417,0.09845752269029617,0.0,0.3886793851852417,0.3886793851852417,0.09845752269029617,0.100830078125,0.009125628508627415,0.010213575325906277,0.01933920383453369,0.4256329834461212,0.3707161247730255,1.1481372268517294,True,매우 높음,"주변 타일보다 반사 특성이 크게 달라 지형 변화, 인공 구조물, 그림자, 수계 경계 같은 원인 확인이 필요합니다."
data/raw/sentinel2_active_sample.tif,704,640,35.88483255817309,127.02019964879536,0.1580372303724289,넓은 밝은 노출면 가능성,"타일 전체가 주변보다 밝게 반사되어 나지, 마른 토양, 콘크리트, 암반 노출 같은 표면 변화 가능성이 있습니다. 오차가 타일 중심부에 집중되어 국소적인 표면 변화 가능성이 큽니다.",0.38615119457244873,0.09446948766708374,0.0,0.38615119457244873,0.38615119457244873,0.09446948766708374,0.1015625,0.01176251657307148,0.012620208784937859,0.02438272535800934,0.4359259605407715,0.3642035722732544,1.1969293925917488,True,매우 높음,"주변 타일보다 반사 특성이 크게 달라 지형 변화, 인공 구조물, 그림자, 수계 경계 같은 원인 확인이 필요합니다."
data/raw/sentinel2_active_sample.tif,192,256,35.9302574388293,126.97650670910417,0.1569555103778839,넓은 밝은 노출면 가능성,"타일 전체가 주변보다 밝게 반사되어 나지, 마른 토양, 콘크리트, 암반 노출 같은 표면 변화 가능성이 있습니다. 오차가 타일 전반에 퍼져 있어 넓은 면적의 표면 차이 가능성이 있습니다.",0.38872307538986206,0.07648459821939468,0.0,0.38872307538986206,0.38872307538986206,0.07648459821939468,0.10009765625,0.010910752229392529,0.010660490952432156,0.021571243181824684,0.4251314401626587,0.3729551136493683,1.1398997482639257,True,매우 높음,"주변 타일보다 반사 특성이 크게 달라 지형 변화, 인공 구조물, 그림자, 수계 경계 같은 원인 확인이 필요합니다."
data/raw/sentinel2_active_sample.tif,384,0,35.912476150447525,126.94859257501867,0.15528765320777893,넓은 밝은 노출면 가능성,"타일 전체가 주변보다 밝게 반사되어 나지, 마른 토양, 콘크리트, 암반 노출 같은 표면 변화 가능성이 있습니다. 오차가 타일 전반에 퍼져 있어 넓은 면적의 표면 차이 가능성이 있습니다.",0.3797508180141449,0.10524724423885345,0.0,0.3797508180141449,0.3797508180141449,0.10524724423885345,0.10009765625,0.012955764308571815,0.01235750038176775,0.025313264690339565,0.39302897453308105,0.37188464403152466,1.0568572293610596,True,매우 높음,"주변 타일보다 반사 특성이 크게 달라 지형 변화, 인공 구조물, 그림자, 수계 경계 같은 원인 확인이 필요합니다."
data/raw/sentinel2_active_sample.tif,64,256,35.94179075253977,126.97621262379091,0.15462425351142883,넓은 밝은 노출면 가능성,"타일 전체가 주변보다 밝게 반사되어 나지, 마른 토양, 콘크리트, 암반 노출 같은 표면 변화 가능성이 있습니다. 오차가 가장자리 쪽에 많아 지형/토지피복 경계일 가능성이 있습니다.",0.3773927092552185,0.11044898629188538,0.0,0.3773927092552185,0.3773927092552185,0.11044898629188538,0.10009765625,0.011451108381152153,0.012931447476148605,0.02438255585730076,0.3256431818008423,0.39666512608528137,0.820952386247412,True,매우 높음,"주변 타일보다 반사 특성이 크게 달라 지형 변화, 인공 구조물, 그림자, 수계 경계 같은 원인 확인이 필요합니다."
data/raw/sentinel2_active_sample.tif,512,384,35.90166207527058,126.99141686241914,0.15112847089767456,넓은 밝은 노출면 가능성,"타일 전체가 주변보다 밝게 반사되어 나지, 마른 토양, 콘크리트, 암반 노출 같은 표면 변화 가능성이 있습니다. 오차가 가장자리 쪽에 많아 지형/토지피복 경계일 가능성이 있습니다.",0.37097203731536865,0.11622490733861923,0.0,0.37097203731536865,0.37097203731536865,0.11622490733861923,0.100341796875,0.01146220974624157,0.010836495086550713,0.022298704832792282,0.32901325821876526,0.3914346992969513,0.8405316616275971,True,매우 높음,"주변 타일보다 반사 특성이 크게 달라 지형 변화, 인공 구조물, 그림자, 수계 경계 같은 원인 확인이 필요합니다."
data/raw/sentinel2_active_sample.tif,768,640,35.8790656943859,127.02034321690077,0.1498849093914032,국소 밝은 반사체 가능성,"일부 영역이 주변보다 밝게 나타나 건물 지붕, 도로, 공사장 일부, 노출 토양 가능성을 확인해야 합니다. 고오차 픽셀 비율은 약 10%입니다. 오차가 타일 중심부에 집중되어 국소적인 표면 변화 가능성이 큽니다.",0.3520458936691284,0.16108569502830505,0.0,0.3520458936691284,0.3520458936691284,0.16108569502830505,0.10302734375,0.013137671165168285,0.014619589783251286,0.02775726094841957,0.3884977698326111,0.33407360315322876,1.162910706400289,True,매우 높음,"주변 타일보다 반사 특성이 크게 달라 지형 변화, 인공 구조물, 그림자, 수계 경계 같은 원인 확인이 필요합니다."
data/raw/sentinel2_active_sample.tif,448,64,35.90683048741136,126.95582964502951,0.14903321862220764,넓은 밝은 노출면 가능성,"타일 전체가 주변보다 밝게 반사되어 나지, 마른 토양, 콘크리트, 암반 노출 같은 표면 변화 가능성이 있습니다. 오차가 타일 전반에 퍼져 있어 넓은 면적의 표면 차이 가능성이 있습니다.",0.3719554543495178,0.1033555120229721,0.0,0.3719554543495178,0.3719554543495178,0.1033555120229721,0.10107421875,0.012531508691608906,0.012351911514997482,0.024883420206606388,0.39192402362823486,0.3661213517189026,1.0704757364960862,True,매우 높음,"주변 타일보다 반사 특성이 크게 달라 지형 변화, 인공 구조물, 그림자, 수계 경계 같은 원인 확인이 필요합니다."
data/raw/sentinel2_active_sample.tif,832,640,35.8732988245524,127.02048674422205,0.1459919810295105,넓은 밝은 노출면 가능성,"타일 전체가 주변보다 밝게 반사되어 나지, 마른 토양, 콘크리트, 암반 노출 같은 표면 변화 가능성이 있습니다. 오차가 타일 중심부에 집중되어 국소적인 표면 변화 가능성이 큽니다.",0.36844611167907715,0.10119011998176575,0.0,0.36844611167907715,0.36844611167907715,0.10119011998176575,0.10009765625,0.011790281161665916,0.011172780767083168,0.022963061928749084,0.4346306324005127,0.3406141400337219,1.2760205209257691,True,매우 높음,"주변 타일보다 반사 특성이 크게 달라 지형 변화, 인공 구조물, 그림자, 수계 경계 같은 원인 확인이 필요합니다."
data/raw/sentinel2_active_sample.tif,640,576,35.89048233276632,127.01296904582955,0.14515335857868195,넓은 밝은 노출면 가능성,"타일 전체가 주변보다 밝게 반사되어 나지, 마른 토양, 콘크리트, 암반 노출 같은 표면 변화 가능성이 있습니다. 오차가 타일 중심부에 집중되어 국소적인 표면 변화 가능성이 큽니다.",0.3673415780067444,0.10106196999549866,0.0,0.3673415780067444,0.3673415780067444,0.10106196999549866,0.10009765625,0.011813892982900143,0.01188343483954668,0.023697327822446823,0.4262349009513855,0.3459510803222656,1.2320669747709203,True,매우 높음,"주변 타일보다 반사 특성이 크게 달라 지형 변화, 인공 구조물, 그림자, 수계 경계 같은 원인 확인이 필요합니다."
data/raw/sentinel2_active_sample.tif,64,384,35.9420291306078,126.99039549093673,0.14460225403308868,넓은 밝은 노출면 가능성,"타일 전체가 주변보다 밝게 반사되어 나지, 마른 토양, 콘크리트, 암반 노출 같은 표면 변화 가능성이 있습니다. 오차가 가장자리 쪽에 많아 지형/토지피복 경계일 가능성이 있습니다.",0.37373775243759155,0.07015950977802277,0.0,0.37373775243759155,0.37373775243759155,0.07015950977802277,0.100830078125,0.012171595357358456,0.010801116935908794,0.02297271229326725,0.3335973918437958,0.3885638117790222,0.8585395287235702,True,매우 높음,"주변 타일보다 반사 특성이 크게 달라 지형 변화, 인공 구조물, 그림자, 수계 경계 같은 원인 확인이 필요합니다."
data/raw/sentinel2_active_sample.tif,320,512,35.9191987826058,127.00515829945668,0.14206936955451965,넓은 밝은 노출면 가능성,"타일 전체가 주변보다 밝게 반사되어 나지, 마른 토양, 콘크리트, 암반 노출 같은 표면 변화 가능성이 있습니다. 오차가 타일 중심부에 집중되어 국소적인 표면 변화 가능성이 큽니다.",0.3607448637485504,0.10923600196838379,0.0,0.3607448637485504,0.3607448637485504,0.10923600196838379,0.1005859375,0.011033916845917702,0.0121259531006217,0.023159869946539402,0.40826472640037537,0.3464100956916809,1.1785589723797991,True,매우 높음,"주변 타일보다 반사 특성이 크게 달라 지형 변화, 인공 구조물, 그림자, 수계 경계 같은 원인 확인이 필요합니다."
data/raw/sentinel2_active_sample.tif,128,1792,35.938773530519526,127.14655244109588,0.14161397516727448,국소 밝은 반사체 가능성,"일부 영역이 주변보다 밝게 나타나 건물 지붕, 도로, 공사장 일부, 노출 토양 가능성을 확인해야 합니다. 고오차 픽셀 비율은 약 10%입니다. 오차가 타일 중심부에 집중되어 국소적인 표면 변화 가능성이 큽니다.",0.35402005910873413,0.12760785222053528,0.0,0.35402005910873413,0.35402005910873413,0.12760785222053528,0.100341796875,0.010869340039789677,0.011728664860129356,0.022598004899919033,0.43213534355163574,0.3224179148674011,1.3402956958187557,True,매우 높음,"주변 타일보다 반사 특성이 크게 달라 지형 변화, 인공 구조물, 그림자, 수계 경계 같은 원인 확인이 필요합니다."
data/raw/sentinel2_active_sample.tif,256,576,35.92508320415567,127.01210345273486,0.13798755407333374,넓은 밝은 노출면 가능성,"타일 전체가 주변보다 밝게 반사되어 나지, 마른 토양, 콘크리트, 암반 노출 같은 표면 변화 가능성이 있습니다. 오차가 타일 전반에 퍼져 있어 넓은 면적의 표면 차이 가능성이 있습니다.",0.3635510802268982,0.07627677917480469,0.0,0.3635510802268982,0.3635510802268982,0.07627677917480469,0.1015625,0.008588550612330437,0.008727374486625195,0.01731592509895563,0.37863415479660034,0.35635730624198914,1.0625126752402934,True,매우 높음,"주변 타일보다 반사 특성이 크게 달라 지형 변화, 인공 구조물, 그림자, 수계 경계 같은 원인 확인이 필요합니다."
data/raw/sentinel2_active_sample.tif,128,320,35.93614347192262,126.98345058562519,0.13667111098766327,넓은 밝은 노출면 가능성,"타일 전체가 주변보다 밝게 반사되어 나지, 마른 토양, 콘크리트, 암반 노출 같은 표면 변화 가능성이 있습니다. 오차가 타일 전반에 퍼져 있어 넓은 면적의 표면 차이 가능성이 있습니다.",0.3570164442062378,0.09597069770097733,0.0,0.3570164442062378,0.3570164442062378,0.09597069770097733,0.10009765625,0.009888573549687862,0.011026747524738312,0.020915321074426174,0.3508974611759186,0.36497509479522705,0.9614285089035819,True,매우 높음,"주변 타일보다 반사 특성이 크게 달라 지형 변화, 인공 구조물, 그림자, 수계 경계 같은 원인 확인이 필요합니다."
data/raw/sentinel2_active_sample.tif,448,320,35.907309986134706,126.98418270680689,0.13535946607589722,넓은 밝은 노출면 가능성,"타일 전체가 주변보다 밝게 반사되어 나지, 마른 토양, 콘크리트, 암반 노출 같은 표면 변화 가능성이 있습니다. 오차가 타일 전반에 퍼져 있어 넓은 면적의 표면 차이 가능성이 있습니다.",0.3558070659637451,0.09359917044639587,0.0,0.3558070659637451,0.3558070659637451,0.09359917044639587,0.1005859375,0.013975370675325394,0.013696519657969475,0.02767189033329487,0.37061798572540283,0.350779265165329,1.0565561380907833,True,매우 높음,"주변 타일보다 반사 특성이 크게 달라 지형 변화, 인공 구조물, 그림자, 수계 경계 같은 원인 확인이 필요합니다."
data/raw/sentinel2_active_sample.tif,320,64,35.9183636979418,126.95553281105423,0.13518375158309937,국소 밝은 반사체 가능성,"일부 영역이 주변보다 밝게 나타나 건물 지붕, 도로, 공사장 일부, 노출 토양 가능성을 확인해야 합니다. 고오차 픽셀 비율은 약 10%입니다. 오차가 타일 중심부에 집중되어 국소적인 표면 변화 가능성이 큽니다.",0.340460866689682,0.1388169229030609,0.0,0.340460866689682,0.340460866689682,0.1388169229030609,0.100341796875,0.01070352178066969,0.01344815269112587,0.02415167447179556,0.39493656158447266,0.31645768880844116,1.2479916764592707,True,매우 높음,"주변 타일보다 반사 특성이 크게 달라 지형 변화, 인공 구조물, 그림자, 수계 경계 같은 원인 확인이 필요합니다."
data/raw/sentinel2_active_sample.tif,0,512,35.94803258200421,127.00443347724273,0.132842555642128,넓은 밝은 노출면 가능성,"타일 전체가 주변보다 밝게 반사되어 나지, 마른 토양, 콘크리트, 암반 노출 같은 표면 변화 가능성이 있습니다. 오차가 타일 전반에 퍼져 있어 넓은 면적의 표면 차이 가능성이 있습니다.",0.35772162675857544,0.06984124332666397,0.0,0.35772162675857544,0.35772162675857544,0.06984124332666397,0.10009765625,0.008135120384395123,0.008054932579398155,0.016190052963793278,0.3757234215736389,0.34555739164352417,1.0872967288780613,True,매우 높음,"주변 타일보다 반사 특성이 크게 달라 지형 변화, 인공 구조물, 그림자, 수계 경계 같은 원인 확인이 필요합니다."
data/raw/sentinel2_active_sample.tif,256,384,35.92472900042223,126.99083347031856,0.13249608874320984,넓은 밝은 노출면 가능성,"타일 전체가 주변보다 밝게 반사되어 나지, 마른 토양, 콘크리트, 암반 노출 같은 표면 변화 가능성이 있습니다. 오차가 타일 전반에 퍼져 있어 넓은 면적의 표면 차이 가능성이 있습니다.",0.3498029112815857,0.10066790133714676,0.0,0.3498029112815857,0.3498029112815857,0.10066790133714676,0.1005859375,0.010971792973577976,0.010716242715716362,0.021688035689294338,0.38472580909729004,0.33755505084991455,1.139742415729246,True,매우 높음,"주변 타일보다 반사 특성이 크게 달라 지형 변화, 인공 구조물, 그림자, 수계 경계 같은 원인 확인이 필요합니다."
data/raw/sentinel2_active_sample.tif,512,64,35.9010638730242,126.95597799877909,0.13049942255020142,넓은 밝은 노출면 가능성,"타일 전체가 주변보다 밝게 반사되어 나지, 마른 토양, 콘크리트, 암반 노출 같은 표면 변화 가능성이 있습니다. 오차가 타일 전반에 퍼져 있어 넓은 면적의 표면 차이 가능성이 있습니다.",0.35320180654525757,0.0758148729801178,0.0,0.35320180654525757,0.35320180654525757,0.0758148729801178,0.100830078125,0.011528448201715946,0.012369777075946331,0.023898225277662277,0.370028555393219,0.34713390469551086,1.0659533695442116,True,매우 높음,"주변 타일보다 반사 특성이 크게 달라 지형 변화, 인공 구조물, 그림자, 수계 경계 같은 원인 확인이 필요합니다."
data/raw/sentinel2_active_sample.tif,1088,640,35.85023128476605,127.0210604459009,0.12873075902462006,넓은 밝은 노출면 가능성,"타일 전체가 주변보다 밝게 반사되어 나지, 마른 토양, 콘크리트, 암반 노출 같은 표면 변화 가능성이 있습니다. 오차가 타일 전반에 퍼져 있어 넓은 면적의 표면 차이 가능성이 있습니다.",0.35746508836746216,0.030813494697213173,0.0,0.35746508836746216,0.35746508836746216,0.030813494697213173,0.102783203125,0.004866222385317087,0.006055787671357393,0.01092201005667448,0.38042712211608887,0.3474886417388916,1.094790092166373,True,매우 높음,"주변 타일보다 반사 특성이 크게 달라 지형 변화, 인공 구조물, 그림자, 수계 경계 같은 원인 확인이 필요합니다."
data/raw/sentinel2_active_sample.tif,128,1920,35.938991765412005,127.16073619352203,0.12725244462490082,넓은 밝은 노출면 가능성,"타일 전체가 주변보다 밝게 반사되어 나지, 마른 토양, 콘크리트, 암반 노출 같은 표면 변화 가능성이 있습니다. 오차가 타일 중심부에 집중되어 국소적인 표면 변화 가능성이 큽니다.",0.3373326063156128,0.11601362377405167,0.0,0.3373326063156128,0.3373326063156128,0.11601362377405167,0.1005859375,0.011567522771656513,0.010999375954270363,0.022566898725926876,0.3813806176185608,0.3168655037879944,1.2036040940377393,True,매우 높음,"주변 타일보다 반사 특성이 크게 달라 지형 변화, 인공 구조물, 그림자, 수계 경계 같은 원인 확인이 필요합니다."
data/raw/sentinel2_active_sample.tif,128,384,35.93626242661162,126.99054152554567,0.12681177258491516,넓은 밝은 노출면 가능성,"타일 전체가 주변보다 밝게 반사되어 나지, 마른 토양, 콘크리트, 암반 노출 같은 표면 변화 가능성이 있습니다. 오차가 타일 전반에 퍼져 있어 넓은 면적의 표면 차이 가능성이 있습니다.",0.34395843744277954,0.09221911430358887,0.0,0.34395843744277954,0.34395843744277954,0.09221911430358887,0.100341796875,0.011163013055920601,0.011106465011835098,0.0222694780677557,0.3606280982494354,0.3378533720970154,1.067410089800377,True,매우 높음,"주변 타일보다 반사 특성이 크게 달라 지형 변화, 인공 구조물, 그림자, 수계 경계 같은 원인 확인이 필요합니다."
data/raw/sentinel2_active_sample.tif,1280,2240,35.835715949559365,127.19854985411494,0.12670743465423584,넓은 밝은 노출면 가능성,"타일 전체가 주변보다 밝게 반사되어 나지, 마른 토양, 콘크리트, 암반 노출 같은 표면 변화 가능성이 있습니다. 오차가 타일 전반에 퍼져 있어 넓은 면적의 표면 차이 가능성이 있습니다.",0.35554569959640503,0.017166415229439735,0.0,0.35554569959640503,0.35554569959640503,0.017166415229439735,0.100830078125,0.002972063608467579,0.0032938404474407434,0.006265904055908322,0.36694806814193726,0.350833535194397,1.045932133992297,True,매우 높음,"주변 타일보다 반사 특성이 크게 달라 지형 변화, 인공 구조물, 그림자, 수계 경계 같은 원인 확인이 필요합니다."
data/raw/sentinel2_active_sample.tif,320,128,35.91848425046505,126.96262204117009,0.12654656171798706,넓은 밝은 노출면 가능성,"타일 전체가 주변보다 밝게 반사되어 나지, 마른 토양, 콘크리트, 암반 노출 같은 표면 변화 가능성이 있습니다. 오차가 타일 중심부에 집중되어 국소적인 표면 변화 가능성이 큽니다.",0.33498281240463257,0.11972089111804962,0.0,0.33498281240463257,0.33498281240463257,0.11972089111804962,0.10009765625,0.01247540395706892,0.012886377982795238,0.02536178193986416,0.39719516038894653,0.314236044883728,1.264002544761899,True,매우 높음,"주변 타일보다 반사 특성이 크게 달라 지형 변화, 인공 구조물, 그림자, 수계 경계 같은 원인 확인이 필요합니다."
data/raw/sentinel2_active_sample.tif,640,320,35.890009821857056,126.98462148055995,0.12553951144218445,넓은 밝은 노출면 가능성,"타일 전체가 주변보다 밝게 반사되어 나지, 마른 토양, 콘크리트, 암반 노출 같은 표면 변화 가능성이 있습니다. 오차가 타일 전반에 퍼져 있어 넓은 면적의 표면 차이 가능성이 있습니다.",0.33957138657569885,0.10114727169275284,0.0,0.33957138657569885,0.33957138657569885,0.10114727169275284,0.100830078125,0.011565198190510273,0.012437164783477783,0.024002362973988056,0.32555457949638367,0.3496946394443512,0.9309681727282838,True,매우 높음,"주변 타일보다 반사 특성이 크게 달라 지형 변화, 인공 구조물, 그림자, 수계 경계 같은 원인 확인이 필요합니다."
data/raw/sentinel2_active_sample.tif,512,192,35.90130440783728,126.97015341882746,0.12312924861907959,국소 밝은 반사체 가능성,"일부 영역이 주변보다 밝게 나타나 건물 지붕, 도로, 공사장 일부, 노출 토양 가능성을 확인해야 합니다. 고오차 픽셀 비율은 약 10%입니다. 오차가 가장자리 쪽에 많아 지형/토지피복 경계일 가능성이 있습니다.",0.31445202231407166,0.15572147071361542,0.0,0.31445202231407166,0.31445202231407166,0.15572147071361542,0.100341796875,0.014161862432956696,0.013192678801715374,0.02735454123467207,0.24959632754325867,0.3466885983943939,0.7199438594150627,True,매우 높음,"주변 타일보다 반사 특성이 크게 달라 지형 변화, 인공 구조물, 그림자, 수계 경계 같은 원인 확인이 필요합니다."
data/raw/sentinel2_active_sample.tif,576,192,35.895537736714495,126.97030070361193,0.12168151140213013,국소 밝은 반사체 가능성,"일부 영역이 주변보다 밝게 나타나 건물 지붕, 도로, 공사장 일부, 노출 토양 가능성을 확인해야 합니다. 고오차 픽셀 비율은 약 10%입니다. 오차가 타일 중심부에 집중되어 국소적인 표면 변화 가능성이 큽니다.",0.32167357206344604,0.134935662150383,0.0,0.32167357206344604,0.32167357206344604,0.134935662150383,0.10009765625,0.011468947865068913,0.012180999852716923,0.023649947717785835,0.3965873718261719,0.29357805848121643,1.3508753817565904,True,매우 높음,"주변 타일보다 반사 특성이 크게 달라 지형 변화, 인공 구조물, 그림자, 수계 경계 같은 원인 확인이 필요합니다."
data/raw/sentinel2_active_sample.tif,512,256,35.90142404829443,126.97724119170117,0.12149439752101898,넓은 밝은 노출면 가능성,"타일 전체가 주변보다 밝게 반사되어 나지, 마른 토양, 콘크리트, 암반 노출 같은 표면 변화 가능성이 있습니다. 오차가 타일 전반에 퍼져 있어 넓은 면적의 표면 차이 가능성이 있습니다.",0.3302866220474243,0.11137837171554565,0.0,0.3302866220474243,0.3302866220474243,0.11137837171554565,0.10009765625,0.012263406068086624,0.01300344429910183,0.025266850367188454,0.31236547231674194,0.33336836099624634,0.9369979544047347,True,매우 높음,"주변 타일보다 반사 특성이 크게 달라 지형 변화, 인공 구조물, 그림자, 수계 경계 같은 원인 확인이 필요합니다."
data/raw/sentinel2_active_sample.tif,1216,2240,35.84148344888417,127.19841941315778,0.12118358165025711,넓은 밝은 노출면 가능성,"타일 전체가 주변보다 밝게 반사되어 나지, 마른 토양, 콘크리트, 암반 노출 같은 표면 변화 가능성이 있습니다. 오차가 타일 전반에 퍼져 있어 넓은 면적의 표면 차이 가능성이 있습니다.",0.34766319394111633,0.017716851085424423,0.0,0.34766319394111633,0.34766319394111633,0.017716851085424423,0.10009765625,0.0038410788401961327,0.004714756738394499,0.008555835578590631,0.3533366322517395,0.3461543917655945,1.020748662033468,True,매우 높음,"주변 타일보다 반사 특성이 크게 달라 지형 변화, 인공 구조물, 그림자, 수계 경계 같은 원인 확인이 필요합니다."
data/raw/sentinel2_active_sample.tif,192,512,35.93073232054031,127.0048684941284,0.11991176009178162,넓은 밝은 노출면 가능성,"타일 전체가 주변보다 밝게 반사되어 나지, 마른 토양, 콘크리트, 암반 노출 같은 표면 변화 가능성이 있습니다. 오차가 타일 전반에 퍼져 있어 넓은 면적의 표면 차이 가능성이 있습니다.",0.3371008038520813,0.07921364903450012,0.0,0.3371008038520813,0.3371008038520813,0.07921364903450012,0.1005859375,0.011915940791368484,0.012210213579237461,0.024126154370605946,0.3553317189216614,0.3375149369239807,1.0527881289049248,True,매우 높음,"주변 타일보다 반사 특성이 크게 달라 지형 변화, 인공 구조물, 그림자, 수계 경계 같은 원인 확인이 필요합니다."
data/raw/sentinel2_active_sample.tif,832,576,35.87318181537728,127.013401289349,0.11862661689519882,국소 밝은 반사체 가능성,"일부 영역이 주변보다 밝게 나타나 건물 지붕, 도로, 공사장 일부, 노출 토양 가능성을 확인해야 합니다. 고오차 픽셀 비율은 약 10%입니다. 오차가 타일 전반에 퍼져 있어 넓은 면적의 표면 차이 가능성이 있습니다.",0.3155324459075928,0.13807927072048187,0.0,0.3155324459075928,0.3155324459075928,0.13807927072048187,0.101318359375,0.012012557126581669,0.011697336100041866,0.023709893226623535,0.29657304286956787,0.3219103217124939,0.9212908778192103,True,매우 높음,"주변 타일보다 반사 특성이 크게 달라 지형 변화, 인공 구조물, 그림자, 수계 경계 같은 원인 확인이 필요합니다."
data/raw/sentinel2_active_sample.tif,384,576,35.91354960456998,127.01239214773665,0.11720701307058334,국소 밝은 반사체 가능성,"일부 영역이 주변보다 밝게 나타나 건물 지붕, 도로, 공사장 일부, 노출 토양 가능성을 확인해야 합니다. 고오차 픽셀 비율은 약 10%입니다. 오차가 타일 전반에 퍼져 있어 넓은 면적의 표면 차이 가능성이 있습니다.",0.3052353262901306,0.15504321455955505,0.0,0.3052353262901306,0.3052353262901306,0.15504321455955505,0.10009765625,0.013523765839636326,0.01167057640850544,0.025194342248141766,0.2901145815849304,0.31504327058792114,0.9208721743001531,True,매우 높음,"주변 타일보다 반사 특성이 크게 달라 지형 변화, 인공 구조물, 그림자, 수계 경계 같은 원인 확인이 필요합니다."
data/raw/sentinel2_active_sample.tif,576,448,35.89601369039638,126.99864999096704,0.11668217182159424,국소 밝은 반사체 가능성,"일부 영역이 주변보다 밝게 나타나 건물 지붕, 도로, 공사장 일부, 노출 토양 가능성을 확인해야 합니다. 고오차 픽셀 비율은 약 10%입니다. 오차가 타일 중심부에 집중되어 국소적인 표면 변화 가능성이 큽니다.",0.2854268550872803,0.1876530945301056,0.0,0.2854268550872803,0.2854268550872803,0.1876530945301056,0.10107421875,0.012224475853145123,0.012249002233147621,0.024473478086292744,0.3277938961982727,0.2609083354473114,1.2563565500362037,True,매우 높음,"주변 타일보다 반사 특성이 크게 달라 지형 변화, 인공 구조물, 그림자, 수계 경계 같은 원인 확인이 필요합니다."
data/raw/sentinel2_active_sample.tif,64,192,35.94167093561268,126.9691212528294,0.11536695063114166,국소 밝은 반사체 가능성,"일부 영역이 주변보다 밝게 나타나 건물 지붕, 도로, 공사장 일부, 노출 토양 가능성을 확인해야 합니다. 고오차 픽셀 비율은 약 10%입니다. 오차가 가장자리 쪽에 많아 지형/토지피복 경계일 가능성이 있습니다.",0.30556946992874146,0.14830456674098969,0.0,0.30556946992874146,0.30556946992874146,0.14830456674098969,0.100341796875,0.012034260667860508,0.01185346394777298,0.023887724615633488,0.2512393295764923,0.3239537179470062,0.7755408123378634,True,매우 높음,"주변 타일보다 반사 특성이 크게 달라 지형 변화, 인공 구조물, 그림자, 수계 경계 같은 원인 확인이 필요합니다."
data/raw/sentinel2_active_sample.tif,448,384,35.90742881565375,126.9912710765448,0.11353198438882828,넓은 밝은 노출면 가능성,"타일 전체가 주변보다 밝게 반사되어 나지, 마른 토양, 콘크리트, 암반 노출 같은 표면 변화 가능성이 있습니다. 오차가 타일 전반에 퍼져 있어 넓은 면적의 표면 차이 가능성이 있습니다.",0.32667750120162964,0.08254566043615341,0.0,0.32667750120162964,0.32667750120162964,0.08254566043615341,0.101318359375,0.01315299142152071,0.015334329567849636,0.028487320989370346,0.338653028011322,0.3162657618522644,1.0707862464401545,True,높음,정상 패턴과 차이가 큰 편이라 QGIS나 지도에서 실제 지형을 확인하는 것이 좋습니다.
data/raw/sentinel2_active_sample.tif,384,128,35.91271762285831,126.96276996539868,0.11236854642629623,국소 밝은 반사체 가능성,"일부 영역이 주변보다 밝게 나타나 건물 지붕, 도로, 공사장 일부, 노출 토양 가능성을 확인해야 합니다. 고오차 픽셀 비율은 약 10%입니다. 오차가 가장자리 쪽에 많아 지형/토지피복 경계일 가능성이 있습니다.",0.3084528148174286,0.13124556839466095,0.0,0.3084528148174286,0.3084528148174286,0.13124556839466095,0.10009765625,0.01351627055555582,0.013651072047650814,0.027167342603206635,0.24095536768436432,0.33831989765167236,0.7122116356645606,True,높음,정상 패턴과 차이가 큰 편이라 QGIS나 지도에서 실제 지형을 확인하는 것이 좋습니다.
data/raw/sentinel2_active_sample.tif,576,384,35.8958953288248,126.99156260687948,0.11236104369163513,국소 밝은 반사체 가능성,"일부 영역이 주변보다 밝게 나타나 건물 지붕, 도로, 공사장 일부, 노출 토양 가능성을 확인해야 합니다. 고오차 픽셀 비율은 약 10%입니다. 오차가 타일 전반에 퍼져 있어 넓은 면적의 표면 차이 가능성이 있습니다.",0.31225863099098206,0.12188355624675751,0.0,0.31225863099098206,0.31225863099098206,0.12188355624675751,0.100341796875,0.012376985512673855,0.012984679080545902,0.025361664593219757,0.29370981454849243,0.3124766945838928,0.9399415048844165,True,높음,정상 패턴과 차이가 큰 편이라 QGIS나 지도에서 실제 지형을 확인하는 것이 좋습니다.
data/raw/sentinel2_active_sample.tif,576,256,35.895657351976034,126.97738796305624,0.11233729124069214,넓은 밝은 노출면 가능성,"타일 전체가 주변보다 밝게 반사되어 나지, 마른 토양, 콘크리트, 암반 노출 같은 표면 변화 가능성이 있습니다. 오차가 타일 전반에 퍼져 있어 넓은 면적의 표면 차이 가능성이 있습니다.",0.32092785835266113,0.09665723145008087,0.0,0.32092785835266113,0.32092785835266113,0.09665723145008087,0.100341796875,0.014526251703500748,0.014590427279472351,0.0291166789829731,0.35122132301330566,0.3064272999763489,1.1461815675052913,True,높음,정상 패턴과 차이가 큰 편이라 QGIS나 지도에서 실제 지형을 확인하는 것이 좋습니다.
data/raw/sentinel2_active_sample.tif,512,512,35.901898430277,127.00559269879307,0.11221352219581604,넓은 밝은 노출면 가능성,"타일 전체가 주변보다 밝게 반사되어 나지, 마른 토양, 콘크리트, 암반 노출 같은 표면 변화 가능성이 있습니다. 오차가 타일 중심부에 집중되어 국소적인 표면 변화 가능성이 큽니다.",0.3151206374168396,0.11363326758146286,0.0,0.3151206374168396,0.3151206374168396,0.11363326758146286,0.100341796875,0.01338587049394846,0.013169145211577415,0.026555015705525875,0.35905230045318604,0.29832524061203003,1.2035599123847893,True,높음,정상 패턴과 차이가 큰 편이라 QGIS나 지도에서 실제 지형을 확인하는 것이 좋습니다.
data/raw/sentinel2_active_sample.tif,832,704,35.87341541614375,127.0275722398675,0.11090783774852753,넓은 밝은 노출면 가능성,"타일 전체가 주변보다 밝게 반사되어 나지, 마른 토양, 콘크리트, 암반 노출 같은 표면 변화 가능성이 있습니다. 오차가 타일 중심부에 집중되어 국소적인 표면 변화 가능성이 큽니다.",0.32200008630752563,0.08499287813901901,0.0,0.32200008630752563,0.32200008630752563,0.08499287813901901,0.1015625,0.008181089535355568,0.008897634223103523,0.01707872375845909,0.40851521492004395,0.2804129719734192,1.4568342257674434,True,높음,정상 패턴과 차이가 큰 편이라 QGIS나 지도에서 실제 지형을 확인하는 것이 좋습니다.
data/raw/sentinel2_active_sample.tif,256,64,35.924130294084,126.95538433080426,0.10835413634777069,넓은 밝은 노출면 가능성,"타일 전체가 주변보다 밝게 반사되어 나지, 마른 토양, 콘크리트, 암반 노출 같은 표면 변화 가능성이 있습니다. 오차가 타일 중심부에 집중되어 국소적인 표면 변화 가능성이 큽니다.",0.3126930594444275,0.10284540802240372,0.0,0.3126930594444275,0.3126930594444275,0.10284540802240372,0.100830078125,0.008732977323234081,0.011022765189409256,0.019755742512643337,0.34095996618270874,0.29331257939338684,1.1624457665193346,True,높음,정상 패턴과 차이가 큰 편이라 QGIS나 지도에서 실제 지형을 확인하는 것이 좋습니다.
data/raw/sentinel2_active_sample.tif,64,320,35.9419101508741,126.98330403654202,0.10739303380250931,넓은 밝은 노출면 가능성,"타일 전체가 주변보다 밝게 반사되어 나지, 마른 토양, 콘크리트, 암반 노출 같은 표면 변화 가능성이 있습니다. 오차가 가장자리 쪽에 많아 지형/토지피복 경계일 가능성이 있습니다.",0.31250640749931335,0.0986548662185669,0.0,0.31250640749931335,0.31250640749931335,0.0986548662185669,0.1005859375,0.010137790814042091,0.011672561056911945,0.021810351870954037,0.23120711743831635,0.3441370725631714,0.6718460051870027,True,높음,정상 패턴과 차이가 큰 편이라 QGIS나 지도에서 실제 지형을 확인하는 것이 좋습니다.
data/raw/sentinel2_active_sample.tif,128,2112,35.93931597748139,127.18201210665244,0.10647891461849213,국소 밝은 반사체 가능성,"일부 영역이 주변보다 밝게 나타나 건물 지붕, 도로, 공사장 일부, 노출 토양 가능성을 확인해야 합니다. 고오차 픽셀 비율은 약 10%입니다. 오차가 가장자리 쪽에 많아 지형/토지피복 경계일 가능성이 있습니다.",0.29901546239852905,0.13064716756343842,0.0,0.29901546239852905,0.29901546239852905,0.13064716756343842,0.100341796875,0.014002117328345776,0.01523593906313181,0.029238056391477585,0.24350781738758087,0.3249635696411133,0.7493388186759169,True,높음,정상 패턴과 차이가 큰 편이라 QGIS나 지도에서 실제 지형을 확인하는 것이 좋습니다.
data/raw/sentinel2_active_sample.tif,192,448,35.93061422776504,126.99777798573481,0.1033410131931305,넓은 밝은 노출면 가능성,"타일 전체가 주변보다 밝게 반사되어 나지, 마른 토양, 콘크리트, 암반 노출 같은 표면 변화 가능성이 있습니다. 오차가 타일 중심부에 집중되어 국소적인 표면 변화 가능성이 큽니다.",0.30738651752471924,0.09409861266613007,0.0,0.30738651752471924,0.30738651752471924,0.09409861266613007,0.1005859375,0.009948582388460636,0.01082160696387291,0.020770189352333546,0.35471636056900024,0.291731059551239,1.2159019376087332,True,높음,정상 패턴과 차이가 큰 편이라 QGIS나 지도에서 실제 지형을 확인하는 것이 좋습니다.
data/raw/sentinel2_active_sample.tif,384,192,35.91283773186229,126.96985872369306,0.10309367626905441,넓은 밝은 노출면 가능성,"타일 전체가 주변보다 밝게 반사되어 나지, 마른 토양, 콘크리트, 암반 노출 같은 표면 변화 가능성이 있습니다. 오차가 타일 중심부에 집중되어 국소적인 표면 변화 가능성이 큽니다.",0.30944564938545227,0.08565670996904373,0.0,0.30944564938545227,0.30944564938545227,0.08565670996904373,0.1005859375,0.010910138487815857,0.01313417125493288,0.024044309742748737,0.37071096897125244,0.2813648581504822,1.317545380073674,True,높음,정상 패턴과 차이가 큰 편이라 QGIS나 지도에서 실제 지형을 확인하는 것이 좋습니다.
data/raw/sentinel2_active_sample.tif,576,128,35.895417703572,126.96321348600667,0.10236222296953201,국소 밝은 반사체 가능성,"일부 영역이 주변보다 밝게 나타나 건물 지붕, 도로, 공사장 일부, 노출 토양 가능성을 확인해야 합니다. 고오차 픽셀 비율은 약 10%입니다. 오차가 타일 전반에 퍼져 있어 넓은 면적의 표면 차이 가능성이 있습니다.",0.29387301206588745,0.12649454176425934,0.0,0.29387301206588745,0.29387301206588745,0.12649454176425934,0.100830078125,0.011779585853219032,0.011271147057414055,0.023050732910633087,0.29674333333969116,0.2952134609222412,1.00518225833155,True,높음,정상 패턴과 차이가 큰 편이라 QGIS나 지도에서 실제 지형을 확인하는 것이 좋습니다.
data/raw/sentinel2_active_sample.tif,1152,640,35.84446438470909,127.02120376947761,0.10086898505687714,넓은 밝은 노출면 가능성,"타일 전체가 주변보다 밝게 반사되어 나지, 마른 토양, 콘크리트, 암반 노출 같은 표면 변화 가능성이 있습니다. 오차가 타일 전반에 퍼져 있어 넓은 면적의 표면 차이 가능성이 있습니다.",0.3073198199272156,0.08014678955078125,0.0,0.3073198199272156,0.3073198199272156,0.08014678955078125,0.101806640625,0.006524902768433094,0.006395508069545031,0.012920410837978125,0.29851382970809937,0.31261879205703735,0.954881271672355,True,높음,정상 패턴과 차이가 큰 편이라 QGIS나 지도에서 실제 지형을 확인하는 것이 좋습니다.
data/raw/sentinel2_active_sample.tif,256,1792,35.92723904714668,127.14682175273687,0.10014022886753082,넓은 밝은 노출면 가능성,"타일 전체가 주변보다 밝게 반사되어 나지, 마른 토양, 콘크리트, 암반 노출 같은 표면 변화 가능성이 있습니다. 오차가 타일 전반에 퍼져 있어 넓은 면적의 표면 차이 가능성이 있습니다.",0.3026195764541626,0.09252901375293732,0.0,0.3026195764541626,0.3026195764541626,0.09252901375293732,0.101806640625,0.00839740876108408,0.008963074535131454,0.017360483296215534,0.32803404331207275,0.28942960500717163,1.133381097292879,True,높음,정상 패턴과 차이가 큰 편이라 QGIS나 지도에서 실제 지형을 확인하는 것이 좋습니다.
data/raw/sentinel2_active_sample.tif,1088,704,35.85034777812875,127.02814389128129,0.09995722770690918,넓은 밝은 노출면 가능성,"타일 전체가 주변보다 밝게 반사되어 나지, 마른 토양, 콘크리트, 암반 노출 같은 표면 변화 가능성이 있습니다. 오차가 타일 전반에 퍼져 있어 넓은 면적의 표면 차이 가능성이 있습니다.",0.31194084882736206,0.051479410380125046,0.0,0.31194084882736206,0.31194084882736206,0.051479410380125046,0.1005859375,0.006398903671652079,0.006660149432718754,0.013059053104370832,0.3315027952194214,0.30268025398254395,1.0952243856599237,True,높음,정상 패턴과 차이가 큰 편이라 QGIS나 지도에서 실제 지형을 확인하는 것이 좋습니다.
data/raw/sentinel2_active_sample.tif,0,128,35.94731729730907,126.96188178928816,0.09961211681365967,넓은 밝은 노출면 가능성,"타일 전체가 주변보다 밝게 반사되어 나지, 마른 토양, 콘크리트, 암반 노출 같은 표면 변화 가능성이 있습니다. 오차가 가장자리 쪽에 많아 지형/토지피복 경계일 가능성이 있습니다.",0.3037719428539276,0.08564300090074539,0.0,0.3037719428539276,0.3037719428539276,0.08564300090074539,0.1025390625,0.009875800460577011,0.009164024144411087,0.019039824604988098,0.22267204523086548,0.33988845348358154,0.6551327147146578,True,높음,정상 패턴과 차이가 큰 편이라 QGIS나 지도에서 실제 지형을 확인하는 것이 좋습니다.
data/raw/sentinel2_active_sample.tif,768,256,35.8783572266078,126.97782802700901,0.09701541066169739,국소 밝은 반사체 가능성,"일부 영역이 주변보다 밝게 나타나 건물 지붕, 도로, 공사장 일부, 노출 토양 가능성을 확인해야 합니다. 고오차 픽셀 비율은 약 10%입니다. 오차가 타일 중심부에 집중되어 국소적인 표면 변화 가능성이 큽니다.",0.2831871211528778,0.12969373166561127,0.0,0.2831871211528778,0.2831871211528778,0.12969373166561127,0.100341796875,0.01169519405812025,0.011483170092105865,0.023178364150226116,0.31557902693748474,0.2676851153373718,1.178918844776822,True,높음,정상 패턴과 차이가 큰 편이라 QGIS나 지도에서 실제 지형을 확인하는 것이 좋습니다.
data/raw/sentinel2_active_sample.tif,704,0,35.883643175408864,126.94933670008048,0.09668128192424774,넓은 밝은 노출면 가능성,"타일 전체가 주변보다 밝게 반사되어 나지, 마른 토양, 콘크리트, 암반 노출 같은 표면 변화 가능성이 있습니다. 오차가 타일 중심부에 집중되어 국소적인 표면 변화 가능성이 큽니다.",0.2961152195930481,0.09485279023647308,0.0,0.2961152195930481,0.2961152195930481,0.09485279023647308,0.10009765625,0.0100350771099329,0.01038267184048891,0.02041774895042181,0.35668301582336426,0.2676938772201538,1.332428741095281,True,높음,정상 패턴과 차이가 큰 편이라 QGIS나 지도에서 실제 지형을 확인하는 것이 좋습니다.
data/raw/sentinel2_active_sample.tif,1024,640,35.85599817877941,127.02091708159871,0.09590671211481094,넓은 밝은 노출면 가능성,"타일 전체가 주변보다 밝게 반사되어 나지, 마른 토양, 콘크리트, 암반 노출 같은 표면 변화 가능성이 있습니다. 오차가 타일 중심부에 집중되어 국소적인 표면 변화 가능성이 큽니다.",0.3014761507511139,0.07084386795759201,0.0,0.3014761507511139,0.3014761507511139,0.07084386795759201,0.10009765625,0.008946266956627369,0.008773566223680973,0.017719833180308342,0.36293935775756836,0.2756703794002533,1.316570023036849,True,높음,정상 패턴과 차이가 큰 편이라 QGIS나 지도에서 실제 지형을 확인하는 것이 좋습니다.
data/raw/sentinel2_active_sample.tif,768,576,35.87894866055696,127.01325724910943,0.09554718434810638,국소 밝은 반사체 가능성,"일부 영역이 주변보다 밝게 나타나 건물 지붕, 도로, 공사장 일부, 노출 토양 가능성을 확인해야 합니다. 고오차 픽셀 비율은 약 10%입니다. 오차가 타일 전반에 퍼져 있어 넓은 면적의 표면 차이 가능성이 있습니다.",0.27361997961997986,0.1438029706478119,0.0,0.27361997961997986,0.27361997961997986,0.1438029706478119,0.10009765625,0.012128578498959541,0.01159628015011549,0.02372485864907503,0.26254111528396606,0.278085321187973,0.9441027457414777,True,높음,정상 패턴과 차이가 큰 편이라 QGIS나 지도에서 실제 지형을 확인하는 것이 좋습니다.
data/raw/sentinel2_active_sample.tif,192,576,35.93084999486759,127.01195904370383,0.09492632746696472,넓은 밝은 노출면 가능성,"타일 전체가 주변보다 밝게 반사되어 나지, 마른 토양, 콘크리트, 암반 노출 같은 표면 변화 가능성이 있습니다. 오차가 타일 전반에 퍼져 있어 넓은 면적의 표면 차이 가능성이 있습니다.",0.2977864146232605,0.07905428856611252,0.0,0.2977864146232605,0.2977864146232605,0.07905428856611252,0.10009765625,0.007426698226481676,0.008285408839583397,0.015712107066065073,0.28952792286872864,0.30397284030914307,0.952479578683004,True,높음,정상 패턴과 차이가 큰 편이라 QGIS나 지도에서 실제 지형을 확인하는 것이 좋습니다.
data/raw/sentinel2_active_sample.tif,768,192,35.87823768691155,126.97074230697905,0.0948425903916359,넓은 밝은 노출면 가능성,"타일 전체가 주변보다 밝게 반사되어 나지, 마른 토양, 콘크리트, 암반 노출 같은 표면 변화 가능성이 있습니다. 오차가 가장자리 쪽에 많아 지형/토지피복 경계일 가능성이 있습니다.",0.2848970293998718,0.11694559454917908,0.0,0.2848970293998718,0.2848970293998718,0.11694559454917908,0.10009765625,0.011800349690020084,0.012857332825660706,0.02465768251568079,0.2518635392189026,0.29800039529800415,0.8451785406762158,True,높음,정상 패턴과 차이가 큰 편이라 QGIS나 지도에서 실제 지형을 확인하는 것이 좋습니다.
data/raw/sentinel2_active_sample.tif,704,320,35.8842430883003,126.9847676553901,0.09459095448255539,국소 밝은 반사체 가능성,"일부 영역이 주변보다 밝게 나타나 건물 지붕, 도로, 공사장 일부, 노출 토양 가능성을 확인해야 합니다. 고오차 픽셀 비율은 약 10%입니다. 오차가 타일 중심부에 집중되어 국소적인 표면 변화 가능성이 큽니다.",0.27120137214660645,0.14505437016487122,0.0,0.27120137214660645,0.27120137214660645,0.14505437016487122,0.10009765625,0.011821545660495758,0.011180211789906025,0.023001757450401783,0.34496092796325684,0.2482270747423172,1.3896990419814534,True,높음,정상 패턴과 차이가 큰 편이라 QGIS나 지도에서 실제 지형을 확인하는 것이 좋습니다.
data/raw/sentinel2_active_sample.tif,128,448,35.93638096278018,126.99763250695173,0.09340202063322067,넓은 밝은 노출면 가능성,"타일 전체가 주변보다 밝게 반사되어 나지, 마른 토양, 콘크리트, 암반 노출 같은 표면 변화 가능성이 있습니다. 오차가 타일 전반에 퍼져 있어 넓은 면적의 표면 차이 가능성이 있습니다.",0.28814011812210083,0.1018688976764679,0.0,0.28814011812210083,0.28814011812210083,0.1018688976764679,0.101806640625,0.012107525952160358,0.012086056172847748,0.024193582125008106,0.2958530783653259,0.2911648154258728,1.016101749562686,True,높음,정상 패턴과 차이가 큰 편이라 QGIS나 지도에서 실제 지형을 확인하는 것이 좋습니다.
data/raw/sentinel2_active_sample.tif,192,1792,35.93300629182802,127.14668711604737,0.09178361296653748,넓은 밝은 노출면 가능성,"타일 전체가 주변보다 밝게 반사되어 나지, 마른 토양, 콘크리트, 암반 노출 같은 표면 변화 가능성이 있습니다. 오차가 가장자리 쪽에 많아 지형/토지피복 경계일 가능성이 있습니다.",0.28185898065567017,0.11108160018920898,0.0,0.28185898065567017,0.28185898065567017,0.11108160018920898,0.10009765625,0.011753804981708527,0.013906271196901798,0.025660076178610325,0.2478526085615158,0.30058974027633667,0.8245544519705202,True,높음,정상 패턴과 차이가 큰 편이라 QGIS나 지도에서 실제 지형을 확인하는 것이 좋습니다.
data/raw/sentinel2_active_sample.tif,1344,2240,35.82994844427606,127.19868025801425,0.0913371592760086,넓은 밝은 노출면 가능성,"타일 전체가 주변보다 밝게 반사되어 나지, 마른 토양, 콘크리트, 암반 노출 같은 표면 변화 가능성이 있습니다. 오차가 타일 전반에 퍼져 있어 넓은 면적의 표면 차이 가능성이 있습니다.",0.30023515224456787,0.03458371385931969,0.0,0.30023515224456787,0.30023515224456787,0.03458371385931969,0.10009765625,0.003704122267663479,0.003821006277576089,0.007525128545239568,0.2994369566440582,0.3003413677215576,0.9969887229176573,True,높음,정상 패턴과 차이가 큰 편이라 QGIS나 지도에서 실제 지형을 확인하는 것이 좋습니다.
data/raw/sentinel2_active_sample.tif,1152,2304,35.84735698003693,127.20537283891053,0.09126436710357666,넓은 밝은 노출면 가능성,"타일 전체가 주변보다 밝게 반사되어 나지, 마른 토양, 콘크리트, 암반 노출 같은 표면 변화 가능성이 있습니다. 오차가 타일 전반에 퍼져 있어 넓은 면적의 표면 차이 가능성이 있습니다.",0.2973743677139282,0.05322440341114998,0.0,0.2973743677139282,0.2973743677139282,0.05322440341114998,0.101318359375,0.006373345851898193,0.0072840736247599125,0.013657419476658106,0.3218531012535095,0.28780224919319153,1.1183133632755624,True,높음,정상 패턴과 차이가 큰 편이라 QGIS나 지도에서 실제 지형을 확인하는 것이 좋습니다.
data/raw/sentinel2_active_sample.tif,64,1792,35.94454076322067,127.14641772787132,0.0911450982093811,넓은 밝은 노출면 가능성,"타일 전체가 주변보다 밝게 반사되어 나지, 마른 토양, 콘크리트, 암반 노출 같은 표면 변화 가능성이 있습니다. 오차가 타일 중심부에 집중되어 국소적인 표면 변화 가능성이 큽니다.",0.2911524176597595,0.07984593510627747,0.0,0.2911524176597595,0.2911524176597595,0.07984593510627747,0.102294921875,0.01033974438905716,0.009990464895963669,0.020330209285020828,0.3490128219127655,0.2650042772293091,1.3170082594959913,True,높음,정상 패턴과 차이가 큰 편이라 QGIS나 지도에서 실제 지형을 확인하는 것이 좋습니다.
data/raw/sentinel2_active_sample.tif,1216,2304,35.84158946432289,127.20550280459977,0.09089602530002594,넓은 밝은 노출면 가능성,"타일 전체가 주변보다 밝게 반사되어 나지, 마른 토양, 콘크리트, 암반 노출 같은 표면 변화 가능성이 있습니다. 오차가 타일 전반에 퍼져 있어 넓은 면적의 표면 차이 가능성이 있습니다.",0.29804104566574097,0.04547038674354553,0.0,0.29804104566574097,0.29804104566574097,0.04547038674354553,0.100341796875,0.004846489522606134,0.006517837755382061,0.011364327277988195,0.2850721478462219,0.3012855648994446,0.9461858816281691,True,높음,정상 패턴과 차이가 큰 편이라 QGIS나 지도에서 실제 지형을 확인하는 것이 좋습니다.
data/raw/sentinel2_active_sample.tif,1280,2304,35.83582194265304,127.20563273336595,0.09023541957139969,넓은 밝은 노출면 가능성,"타일 전체가 주변보다 밝게 반사되어 나지, 마른 토양, 콘크리트, 암반 노출 같은 표면 변화 가능성이 있습니다. 오차가 타일 전반에 퍼져 있어 넓은 면적의 표면 차이 가능성이 있습니다.",0.2960711717605591,0.05076691135764122,0.0,0.2960711717605591,0.2960711717605591,0.05076691135764122,0.10302734375,0.003913729917258024,0.003719519590958953,0.007633249508216977,0.3035791516304016,0.2913724184036255,1.0418939215099854,True,높음,정상 패턴과 차이가 큰 편이라 QGIS나 지도에서 실제 지형을 확인하는 것이 좋습니다.
data/raw/sentinel2_active_sample.tif,1152,2240,35.84725094225,127.19828893513215,0.08980771899223328,넓은 밝은 노출면 가능성,"타일 전체가 주변보다 밝게 반사되어 나지, 마른 토양, 콘크리트, 암반 노출 같은 표면 변화 가능성이 있습니다. 오차가 타일 전반에 퍼져 있어 넓은 면적의 표면 차이 가능성이 있습니다.",0.29746219515800476,0.0363861620426178,0.0,0.29746219515800476,0.29746219515800476,0.0363861620426178,0.10009765625,0.004806279204785824,0.005828523542732,0.010634802747517824,0.2821030020713806,0.30335843563079834,0.9299329404991836,True,높음,정상 패턴과 차이가 큰 편이라 QGIS나 지도에서 실제 지형을 확인하는 것이 좋습니다.
data/raw/sentinel2_active_sample.tif,256,128,35.92425087199322,126.9624740749084,0.08955501765012741,넓은 밝은 노출면 가능성,"타일 전체가 주변보다 밝게 반사되어 나지, 마른 토양, 콘크리트, 암반 노출 같은 표면 변화 가능성이 있습니다. 오차가 타일 전반에 퍼져 있어 넓은 면적의 표면 차이 가능성이 있습니다.",0.2877449095249176,0.0822063684463501,0.0,0.2877449095249176,0.2877449095249176,0.0822063684463501,0.10009765625,0.012559234164655209,0.013190368190407753,0.02574960235506296,0.31155461072921753,0.2791801989078522,1.1159624212175987,True,높음,정상 패턴과 차이가 큰 편이라 QGIS나 지도에서 실제 지형을 확인하는 것이 좋습니다.
data/raw/sentinel2_active_sample.tif,320,576,35.919316407389616,127.01224782074188,0.08925077319145203,넓은 밝은 노출면 가능성,"타일 전체가 주변보다 밝게 반사되어 나지, 마른 토양, 콘크리트, 암반 노출 같은 표면 변화 가능성이 있습니다. 오차가 가장자리 쪽에 많아 지형/토지피복 경계일 가능성이 있습니다.",0.2742624282836914,0.11845209449529648,0.0,0.2742624282836914,0.2742624282836914,0.11845209449529648,0.1005859375,0.01260700635612011,0.011204150505363941,0.02381115686148405,0.24883714318275452,0.2904590368270874,0.8567030514904904,True,높음,정상 패턴과 차이가 큰 편이라 QGIS나 지도에서 실제 지형을 확인하는 것이 좋습니다.
data/raw/sentinel2_active_sample.tif,0,64,35.947196617819685,126.95478998777186,0.08796647936105728,넓은 밝은 노출면 가능성,"타일 전체가 주변보다 밝게 반사되어 나지, 마른 토양, 콘크리트, 암반 노출 같은 표면 변화 가능성이 있습니다. 오차가 타일 전반에 퍼져 있어 넓은 면적의 표면 차이 가능성이 있습니다.",0.29240429401397705,0.049660906195640564,0.0,0.29240429401397705,0.29240429401397705,0.049660906195640564,0.10107421875,0.005287344101816416,0.00541146332398057,0.010698807425796986,0.293265163898468,0.2895872890949249,1.0127004013713374,True,높음,정상 패턴과 차이가 큰 편이라 QGIS나 지도에서 실제 지형을 확인하는 것이 좋습니다.
data/raw/sentinel2_active_sample.tif,256,0,35.9240092978698,126.94829462889119,0.08725275844335556,넓은 밝은 노출면 가능성,"타일 전체가 주변보다 밝게 반사되어 나지, 마른 토양, 콘크리트, 암반 노출 같은 표면 변화 가능성이 있습니다. 오차가 타일 중심부에 집중되어 국소적인 표면 변화 가능성이 큽니다.",0.2714230418205261,0.11654312163591385,0.0,0.2714230418205261,0.2714230418205261,0.11654312163591385,0.1005859375,0.008784235455095768,0.011448953300714493,0.02023318875581026,0.34573495388031006,0.2371920496225357,1.457616115002624,True,높음,정상 패턴과 차이가 큰 편이라 QGIS나 지도에서 실제 지형을 확인하는 것이 좋습니다.
data/raw/sentinel2_active_sample.tif,768,384,35.8785950531173,126.9919995918957,0.08695175498723984,국소 밝은 반사체 가능성,"일부 영역이 주변보다 밝게 나타나 건물 지붕, 도로, 공사장 일부, 노출 토양 가능성을 확인해야 합니다. 고오차 픽셀 비율은 약 10%입니다. 오차가 타일 중심부에 집중되어 국소적인 표면 변화 가능성이 큽니다.",0.26581382751464844,0.1276509314775467,0.0,0.26581382751464844,0.26581382751464844,0.1276509314775467,0.1025390625,0.010486078448593616,0.011431611143052578,0.021917689591646194,0.29559725522994995,0.25257447361946106,1.170337013847681,True,높음,정상 패턴과 차이가 큰 편이라 QGIS나 지도에서 실제 지형을 확인하는 것이 좋습니다.
data/raw/sentinel2_active_sample.tif,640,512,35.89036483177937,127.0058820927182,0.08533686399459839,넓은 밝은 노출면 가능성,"타일 전체가 주변보다 밝게 반사되어 나지, 마른 토양, 콘크리트, 암반 노출 같은 표면 변화 가능성이 있습니다. 오차가 타일 전반에 퍼져 있어 넓은 면적의 표면 차이 가능성이 있습니다.",0.2859463095664978,0.05976274237036705,0.0,0.2859463095664978,0.2859463095664978,0.05976274237036705,0.100341796875,0.007540382910519838,0.00725684454664588,0.014797227457165718,0.2770664095878601,0.28903472423553467,0.9585921218312802,True,높음,정상 패턴과 차이가 큰 편이라 QGIS나 지도에서 실제 지형을 확인하는 것이 좋습니다.
data/raw/sentinel2_active_sample.tif,1024,768,35.85623079728091,127.0350850376475,0.08525002747774124,넓은 밝은 노출면 가능성,"타일 전체가 주변보다 밝게 반사되어 나지, 마른 토양, 콘크리트, 암반 노출 같은 표면 변화 가능성이 있습니다. 오차가 타일 전반에 퍼져 있어 넓은 면적의 표면 차이 가능성이 있습니다.",0.2850381135940552,0.0632716491818428,0.0,0.2850381135940552,0.2850381135940552,0.0632716491818428,0.10107421875,0.006747922394424677,0.00622229790315032,0.012970220297574997,0.3150614798069,0.27550676465034485,1.143570758441287,True,높음,정상 패턴과 차이가 큰 편이라 QGIS나 지도에서 실제 지형을 확인하는 것이 좋습니다.
data/raw/sentinel2_active_sample.tif,128,256,35.93602409872105,126.97635968733631,0.08371429145336151,넓은 밝은 노출면 가능성,"타일 전체가 주변보다 밝게 반사되어 나지, 마른 토양, 콘크리트, 암반 노출 같은 표면 변화 가능성이 있습니다. 오차가 가장자리 쪽에 많아 지형/토지피복 경계일 가능성이 있습니다.",0.2677522897720337,0.10964947193861008,0.0,0.2677522897720337,0.2677522897720337,0.10964947193861008,0.1005859375,0.01168802473694086,0.013250480405986309,0.02493850514292717,0.240274578332901,0.28302431106567383,0.8489538493290315,True,높음,정상 패턴과 차이가 큰 편이라 QGIS나 지도에서 실제 지형을 확인하는 것이 좋습니다.
data/raw/sentinel2_active_sample.tif,640,640,35.89059941591346,127.02005603989413,0.08272086828947067,넓은 밝은 노출면 가능성,"타일 전체가 주변보다 밝게 반사되어 나지, 마른 토양, 콘크리트, 암반 노출 같은 표면 변화 가능성이 있습니다. 오차가 타일 전반에 퍼져 있어 넓은 면적의 표면 차이 가능성이 있습니다.",0.27307742834091187,0.0902751088142395,0.0,0.27307742834091187,0.27307742834091187,0.0902751088142395,0.1005859375,0.011124408803880215,0.010903961956501007,0.022028370760381222,0.24502648413181305,0.28083544969558716,0.8724912912433619,True,높음,정상 패턴과 차이가 큰 편이라 QGIS나 지도에서 실제 지형을 확인하는 것이 좋습니다.
data/raw/sentinel2_active_sample.tif,1280,2176,35.83560953931383,127.19146701192176,0.08039560914039612,넓은 밝은 노출면 가능성,"타일 전체가 주변보다 밝게 반사되어 나지, 마른 토양, 콘크리트, 암반 노출 같은 표면 변화 가능성이 있습니다. 오차가 타일 전반에 퍼져 있어 넓은 면적의 표면 차이 가능성이 있습니다.",0.2806817889213562,0.04016660526394844,0.0,0.2806817889213562,0.2806817889213562,0.04016660526394844,0.1005859375,0.0030540393199771643,0.002980264835059643,0.006034304155036807,0.2778661549091339,0.2826862335205078,0.98294901541067,True,높음,정상 패턴과 차이가 큰 편이라 QGIS나 지도에서 실제 지형을 확인하는 것이 좋습니다.
data/raw/sentinel2_active_sample.tif,1088,768,35.85046385425156,127.03522737724182,0.07957271486520767,넓은 밝은 노출면 가능성,"타일 전체가 주변보다 밝게 반사되어 나지, 마른 토양, 콘크리트, 암반 노출 같은 표면 변화 가능성이 있습니다. 오차가 타일 전반에 퍼져 있어 넓은 면적의 표면 차이 가능성이 있습니다.",0.27581921219825745,0.059131089597940445,0.0,0.27581921219825745,0.27581921219825745,0.059131089597940445,0.101806640625,0.005738607607781887,0.006301778834313154,0.012040386442095041,0.2574799954891205,0.281951904296875,0.9132053785244615,True,높음,정상 패턴과 차이가 큰 편이라 QGIS나 지도에서 실제 지형을 확인하는 것이 좋습니다.
data/raw/sentinel2_active_sample.tif,1088,576,35.850114374171135,127.01397704124601,0.07929325103759766,넓은 밝은 노출면 가능성,"타일 전체가 주변보다 밝게 반사되어 나지, 마른 토양, 콘크리트, 암반 노출 같은 표면 변화 가능성이 있습니다. 오차가 타일 전반에 퍼져 있어 넓은 면적의 표면 차이 가능성이 있습니다.",0.2768297791481018,0.05156094208359718,0.0,0.2768297791481018,0.2768297791481018,0.05156094208359718,0.100341796875,0.005345603916794062,0.006308922544121742,0.011654526460915804,0.3042115867137909,0.2645564377307892,1.1498929654599996,True,높음,정상 패턴과 차이가 큰 편이라 QGIS나 지도에서 실제 지형을 확인하는 것이 좋습니다.
data/raw/sentinel2_active_sample.tif,64,1856,35.94465011303259,127.15351009975959,0.0784759670495987,넓은 밝은 노출면 가능성,"타일 전체가 주변보다 밝게 반사되어 나지, 마른 토양, 콘크리트, 암반 노출 같은 표면 변화 가능성이 있습니다. 오차가 가장자리 쪽에 많아 지형/토지피복 경계일 가능성이 있습니다.",0.27118632197380066,0.07024213671684265,0.0,0.27118632197380066,0.27118632197380066,0.07024213671684265,0.10009765625,0.010491707362234592,0.011774426326155663,0.022266133688390255,0.2317982017993927,0.2844589352607727,0.8148740400328638,True,높음,정상 패턴과 차이가 큰 편이라 QGIS나 지도에서 실제 지형을 확인하는 것이 좋습니다.
data/raw/sentinel2_active_sample.tif,768,1856,35.88120997090466,127.15498418793345,0.07808347046375275,넓은 밝은 노출면 가능성,"타일 전체가 주변보다 밝게 반사되어 나지, 마른 토양, 콘크리트, 암반 노출 같은 표면 변화 가능성이 있습니다. 오차가 타일 전반에 퍼져 있어 넓은 면적의 표면 차이 가능성이 있습니다.",0.2773483097553253,0.03407922759652138,0.0,0.2773483097553253,0.2773483097553253,0.03407922759652138,0.100830078125,0.004485625308007002,0.005772066302597523,0.010257691610604525,0.3042997419834137,0.2664523422718048,1.1420419103428305,True,높음,정상 패턴과 차이가 큰 편이라 QGIS나 지도에서 실제 지형을 확인하는 것이 좋습니다.
data/raw/sentinel2_active_sample.tif,896,704,35.86764851570207,127.02771521363199,0.07807818055152893,넓은 밝은 노출면 가능성,"타일 전체가 주변보다 밝게 반사되어 나지, 마른 토양, 콘크리트, 암반 노출 같은 표면 변화 가능성이 있습니다. 오차가 타일 중심부에 집중되어 국소적인 표면 변화 가능성이 큽니다.",0.27034395933151245,0.07065637409687042,0.0,0.27034395933151245,0.27034395933151245,0.07065637409687042,0.101318359375,0.008042865432798862,0.010175793431699276,0.01821865886449814,0.31622016429901123,0.25183337926864624,1.2556721639416975,True,높음,정상 패턴과 차이가 큰 편이라 QGIS나 지도에서 실제 지형을 확인하는 것이 좋습니다.
data/raw/sentinel2_active_sample.tif,1344,2176,35.829842056460265,127.19159792785605,0.07805036008358002,넓은 밝은 노출면 가능성,"타일 전체가 주변보다 밝게 반사되어 나지, 마른 토양, 콘크리트, 암반 노출 같은 표면 변화 가능성이 있습니다. 오차가 타일 전반에 퍼져 있어 넓은 면적의 표면 차이 가능성이 있습니다.",0.27545517683029175,0.04663476720452309,0.0,0.27545517683029175,0.27545517683029175,0.04663476720452309,0.10009765625,0.002728070132434368,0.0024351554457098246,0.005163225578144193,0.2855958044528961,0.27119389176368713,1.053105593918607,True,높음,정상 패턴과 차이가 큰 편이라 QGIS나 지도에서 실제 지형을 확인하는 것이 좋습니다.
data/raw/sentinel2_active_sample.tif,256,1856,35.92734832791097,127.15391258084738,0.07749690115451813,국소 밝은 반사체 가능성,"일부 영역이 주변보다 밝게 나타나 건물 지붕, 도로, 공사장 일부, 노출 토양 가능성을 확인해야 합니다. 고오차 픽셀 비율은 약 10%입니다. 오차가 가장자리 쪽에 많아 지형/토지피복 경계일 가능성이 있습니다.",0.24160228669643402,0.1382940262556076,0.0,0.24160228669643402,0.24160228669643402,0.1382940262556076,0.1015625,0.01163856778293848,0.011211281642317772,0.022849849425256252,0.20787987112998962,0.2509539723396301,0.8283585599061731,True,높음,정상 패턴과 차이가 큰 편이라 QGIS나 지도에서 실제 지형을 확인하는 것이 좋습니다.
data/raw/sentinel2_active_sample.tif,64,512,35.942265834241994,127.0045785240729,0.07748841494321823,넓은 밝은 노출면 가능성,"타일 전체가 주변보다 밝게 반사되어 나지, 마른 토양, 콘크리트, 암반 노출 같은 표면 변화 가능성이 있습니다. 오차가 타일 전반에 퍼져 있어 넓은 면적의 표면 차이 가능성이 있습니다.",0.2722063660621643,0.0582418330013752,0.0,0.2722063660621643,0.2722063660621643,0.0582418330013752,0.1005859375,0.0077734836377203465,0.009149018675088882,0.01692250231280923,0.2646530866622925,0.2700331509113312,0.9800762823716955,True,높음,정상 패턴과 차이가 큰 편이라 QGIS나 지도에서 실제 지형을 확인하는 것이 좋습니다.
data/raw/sentinel2_active_sample.tif,704,512,35.88459802344866,127.0060267280265,0.07630766183137894,넓은 밝은 노출면 가능성,"타일 전체가 주변보다 밝게 반사되어 나지, 마른 토양, 콘크리트, 암반 노출 같은 표면 변화 가능성이 있습니다. 오차가 타일 전반에 퍼져 있어 넓은 면적의 표면 차이 가능성이 있습니다.",0.26302456855773926,0.084414042532444,0.0,0.26302456855773926,0.26302456855773926,0.084414042532444,0.1005859375,0.01198485679924488,0.013190170750021935,0.025175027549266815,0.28388741612434387,0.25322872400283813,1.1210711472098327,True,높음,정상 패턴과 차이가 큰 편이라 QGIS나 지도에서 실제 지형을 확인하는 것이 좋습니다.
data/raw/sentinel2_active_sample.tif,1216,2176,35.84137701620571,127.19133605878427,0.07594025135040283,넓은 밝은 노출면 가능성,"타일 전체가 주변보다 밝게 반사되어 나지, 마른 토양, 콘크리트, 암반 노출 같은 표면 변화 가능성이 있습니다. 오차가 타일 전반에 퍼져 있어 넓은 면적의 표면 차이 가능성이 있습니다.",0.272634357213974,0.04013419896364212,0.0,0.272634357213974,0.272634357213974,0.04013419896364212,0.10009765625,0.003825342282652855,0.004385523498058319,0.008210865780711174,0.28727757930755615,0.2650015354156494,1.084060055942571,True,높음,정상 패턴과 차이가 큰 편이라 QGIS나 지도에서 실제 지형을 확인하는 것이 좋습니다.
data/raw/sentinel2_active_sample.tif,64,128,35.94155070010072,126.96202992380348,0.07574508339166641,넓은 밝은 노출면 가능성,"타일 전체가 주변보다 밝게 반사되어 나지, 마른 토양, 콘크리트, 암반 노출 같은 표면 변화 가능성이 있습니다. 오차가 타일 중심부에 집중되어 국소적인 표면 변화 가능성이 큽니다.",0.26425254344940186,0.07691340148448944,0.0,0.26425254344940186,0.26425254344940186,0.07691340148448944,0.10009765625,0.006343882996588945,0.006838034372776747,0.013181917369365692,0.3059239983558655,0.24658527970314026,1.2406417719831535,True,높음,정상 패턴과 차이가 큰 편이라 QGIS나 지도에서 실제 지형을 확인하는 것이 좋습니다.
data/raw/sentinel2_active_sample.tif,512,320,35.90154327077481,126.9843290062803,0.07565884292125702,국소 밝은 반사체 가능성,"일부 영역이 주변보다 밝게 나타나 건물 지붕, 도로, 공사장 일부, 노출 토양 가능성을 확인해야 합니다. 고오차 픽셀 비율은 약 10%입니다. 오차가 가장자리 쪽에 많아 지형/토지피복 경계일 가능성이 있습니다.",0.2282104641199112,0.15355399250984192,0.0,0.2282104641199112,0.2282104641199112,0.15355399250984192,0.10009765625,0.011181035079061985,0.011865844950079918,0.023046880029141903,0.13267607986927032,0.2706454396247864,0.4902210066912929,True,높음,정상 패턴과 차이가 큰 편이라 QGIS나 지도에서 실제 지형을 확인하는 것이 좋습니다.
data/raw/sentinel2_active_sample.tif,64,1728,35.94443099463485,127.13932539426713,0.0755615234375,넓은 밝은 노출면 가능성,"타일 전체가 주변보다 밝게 반사되어 나지, 마른 토양, 콘크리트, 암반 노출 같은 표면 변화 가능성이 있습니다. 오차가 타일 전반에 퍼져 있어 넓은 면적의 표면 차이 가능성이 있습니다.",0.2685931921005249,0.058474112302064896,0.0,0.2685931921005249,0.2685931921005249,0.058474112302064896,0.100830078125,0.009819382801651955,0.01131895836442709,0.021138341166079044,0.2782124876976013,0.26230257749557495,1.0606547993311075,True,높음,정상 패턴과 차이가 큰 편이라 QGIS나 지도에서 실제 지형을 확인하는 것이 좋습니다.
data/raw/sentinel2_active_sample.tif,128,2048,35.939208325503685,127.17492009787162,0.07436908036470413,국소 밝은 반사체 가능성,"일부 영역이 주변보다 밝게 나타나 건물 지붕, 도로, 공사장 일부, 노출 토양 가능성을 확인해야 합니다. 고오차 픽셀 비율은 약 10%입니다. 오차가 타일 전반에 퍼져 있어 넓은 면적의 표면 차이 가능성이 있습니다.",0.22439628839492798,0.1549690067768097,0.0,0.22439628839492798,0.22439628839492798,0.1549690067768097,0.10009765625,0.013183106668293476,0.011615555733442307,0.024798662401735783,0.21501892805099487,0.2334759533405304,0.9209467826324046,True,높음,정상 패턴과 차이가 큰 편이라 QGIS나 지도에서 실제 지형을 확인하는 것이 좋습니다.
data/raw/sentinel2_active_sample.tif,640,128,35.88965105165637,126.96336124222377,0.07398291677236557,국소 밝은 반사체 가능성,"일부 영역이 주변보다 밝게 나타나 건물 지붕, 도로, 공사장 일부, 노출 토양 가능성을 확인해야 합니다. 고오차 픽셀 비율은 약 10%입니다. 오차가 타일 중심부에 집중되어 국소적인 표면 변화 가능성이 큽니다.",0.24325552582740784,0.12169497460126877,0.0,0.24325552582740784,0.24325552582740784,0.12169497460126877,0.100341796875,0.010827588848769665,0.011908523738384247,0.02273611258715391,0.2805158793926239,0.23489835858345032,1.194201105040789,True,높음,정상 패턴과 차이가 큰 편이라 QGIS나 지도에서 실제 지형을 확인하는 것이 좋습니다.
data/raw/sentinel2_active_sample.tif,832,384,35.87282828242655,126.99214517081924,0.07379370927810669,국소 밝은 반사체 가능성,"일부 영역이 주변보다 밝게 나타나 건물 지붕, 도로, 공사장 일부, 노출 토양 가능성을 확인해야 합니다. 고오차 픽셀 비율은 약 10%입니다. 오차가 타일 전반에 퍼져 있어 넓은 면적의 표면 차이 가능성이 있습니다.",0.24253235757350922,0.12235915660858154,0.0,0.24253235757350922,0.24253235757350922,0.12235915660858154,0.10009765625,0.011832933872938156,0.012454729527235031,0.024287663400173187,0.2646750211715698,0.2339063137769699,1.1315428681584796,True,높음,정상 패턴과 차이가 큰 편이라 QGIS나 지도에서 실제 지형을 확인하는 것이 좋습니다.
data/raw/sentinel2_active_sample.tif,128,1728,35.938663785040944,127.1394606222193,0.07358433306217194,넓은 밝은 노출면 가능성,"타일 전체가 주변보다 밝게 반사되어 나지, 마른 토양, 콘크리트, 암반 노출 같은 표면 변화 가능성이 있습니다. 오차가 타일 중심부에 집중되어 국소적인 표면 변화 가능성이 큽니다.",0.257546603679657,0.08517084270715714,0.0,0.257546603679657,0.257546603679657,0.08517084270715714,0.100341796875,0.010805974714457989,0.0098298704251647,0.02063584513962269,0.3365105986595154,0.231349915266037,1.454552504471638,True,높음,정상 패턴과 차이가 큰 편이라 QGIS나 지도에서 실제 지형을 확인하는 것이 좋습니다.
data/raw/sentinel2_active_sample.tif,192,2112,35.933548624591346,127.18214420853165,0.0727124810218811,국소 밝은 반사체 가능성,"일부 영역이 주변보다 밝게 나타나 건물 지붕, 도로, 공사장 일부, 노출 토양 가능성을 확인해야 합니다. 고오차 픽셀 비율은 약 10%입니다. 오차가 가장자리 쪽에 많아 지형/토지피복 경계일 가능성이 있습니다.",0.19706346094608307,0.18406106531620026,0.0,0.19706346094608307,0.19706346094608307,0.18406106531620026,0.10009765625,0.011580751277506351,0.012602696195244789,0.02418344747275114,0.14869599044322968,0.21441224217414856,0.6935051326148474,True,높음,정상 패턴과 차이가 큰 편이라 QGIS나 지도에서 실제 지형을 확인하는 것이 좋습니다.
data/raw/sentinel2_active_sample.tif,64,1920,35.944759044063375,127.16060250978579,0.07212034612894058,넓은 밝은 노출면 가능성,"타일 전체가 주변보다 밝게 반사되어 나지, 마른 토양, 콘크리트, 암반 노출 같은 표면 변화 가능성이 있습니다. 오차가 타일 전반에 퍼져 있어 넓은 면적의 표면 차이 가능성이 있습니다.",0.25424715876579285,0.08647962659597397,0.0,0.25424715876579285,0.25424715876579285,0.08647962659597397,0.100341796875,0.010483766905963421,0.01176702231168747,0.02225078921765089,0.2407292127609253,0.26200446486473083,0.918798131494478,True,높음,정상 패턴과 차이가 큰 편이라 QGIS나 지도에서 실제 지형을 확인하는 것이 좋습니다.
data/raw/sentinel2_active_sample.tif,448,576,35.9077827956973,127.01253643373099,0.07119010388851166,넓은 밝은 노출면 가능성,"타일 전체가 주변보다 밝게 반사되어 나지, 마른 토양, 콘크리트, 암반 노출 같은 표면 변화 가능성이 있습니다. 오차가 타일 전반에 퍼져 있어 넓은 면적의 표면 차이 가능성이 있습니다.",0.2521873712539673,0.08713007718324661,0.0,0.2521873712539673,0.2521873712539673,0.08713007718324661,0.10107421875,0.010655174031853676,0.012060092762112617,0.022715266793966293,0.23009872436523438,0.26429659128189087,0.8706079910043861,True,높음,정상 패턴과 차이가 큰 편이라 QGIS나 지도에서 실제 지형을 확인하는 것이 좋습니다.
data/raw/sentinel2_active_sample.tif,640,192,35.889771059518914,126.97044794655733,0.07093027234077454,국소 밝은 반사체 가능성,"일부 영역이 주변보다 밝게 나타나 건물 지붕, 도로, 공사장 일부, 노출 토양 가능성을 확인해야 합니다. 고오차 픽셀 비율은 약 10%입니다. 오차가 타일 전반에 퍼져 있어 넓은 면적의 표면 차이 가능성이 있습니다.",0.22650061547756195,0.14009906351566315,0.0,0.22650061547756195,0.22650061547756195,0.14009906351566315,0.1015625,0.010235215537250042,0.012125679291784763,0.022360894829034805,0.23148423433303833,0.2282058596611023,1.0143658654374808,True,높음,정상 패턴과 차이가 큰 편이라 QGIS나 지도에서 실제 지형을 확인하는 것이 좋습니다.
data/raw/sentinel2_active_sample.tif,1152,704,35.84458085352335,127.02828670265527,0.07070565968751907,넓은 밝은 노출면 가능성,"타일 전체가 주변보다 밝게 반사되어 나지, 마른 토양, 콘크리트, 암반 노출 같은 표면 변화 가능성이 있습니다. 오차가 가장자리 쪽에 많아 지형/토지피복 경계일 가능성이 있습니다.",0.2588699758052826,0.060761865228414536,0.0,0.2588699758052826,0.2588699758052826,0.060761865228414536,0.10009765625,0.007340321317315102,0.006845909636467695,0.014186230953782797,0.2358831763267517,0.2713093161582947,0.86942527321519,True,높음,정상 패턴과 차이가 큰 편이라 QGIS나 지도에서 실제 지형을 확인하는 것이 좋습니다.
data/raw/sentinel2_active_sample.tif,0,2048,35.95074296802431,127.1746547517638,0.06899397820234299,국소 밝은 반사체 가능성,"일부 영역이 주변보다 밝게 나타나 건물 지붕, 도로, 공사장 일부, 노출 토양 가능성을 확인해야 합니다. 고오차 픽셀 비율은 약 10%입니다. 오차가 가장자리 쪽에 많아 지형/토지피복 경계일 가능성이 있습니다.",0.2253899723291397,0.13488270342350006,0.0,0.2253899723291397,0.2253899723291397,0.13488270342350006,0.1005859375,0.01229403167963028,0.011915301904082298,0.024209333583712578,0.15673577785491943,0.24641239643096924,0.6360709936881276,True,높음,정상 패턴과 차이가 큰 편이라 QGIS나 지도에서 실제 지형을 확인하는 것이 좋습니다.
data/raw/sentinel2_active_sample.tif,1088,2240,35.8530184296563,127.19815842002738,0.06886981427669525,넓은 밝은 노출면 가능성,"타일 전체가 주변보다 밝게 반사되어 나지, 마른 토양, 콘크리트, 암반 노출 같은 표면 변화 가능성이 있습니다. 오차가 타일 전반에 퍼져 있어 넓은 면적의 표면 차이 가능성이 있습니다.",0.25779086351394653,0.04912921413779259,0.0,0.25779086351394653,0.25779086351394653,0.04912921413779259,0.10009765625,0.0047290571965277195,0.005252500995993614,0.009981558192521334,0.24679571390151978,0.26350289583206177,0.9365958317923383,True,높음,정상 패턴과 차이가 큰 편이라 QGIS나 지도에서 실제 지형을 확인하는 것이 좋습니다.
data/raw/sentinel2_active_sample.tif,640,384,35.89012857631697,126.99170830993775,0.06877504289150238,넓은 밝은 노출면 가능성,"타일 전체가 주변보다 밝게 반사되어 나지, 마른 토양, 콘크리트, 암반 노출 같은 표면 변화 가능성이 있습니다. 오차가 타일 전반에 퍼져 있어 넓은 면적의 표면 차이 가능성이 있습니다.",0.2360038310289383,0.11435569077730179,0.0,0.2360038310289383,0.2360038310289383,0.11435569077730179,0.10009765625,0.013004632666707039,0.01247973833233118,0.02548437099903822,0.26263511180877686,0.23497077822685242,1.117735208568003,True,높음,정상 패턴과 차이가 큰 편이라 QGIS나 지도에서 실제 지형을 확인하는 것이 좋습니다.
data/raw/sentinel2_active_sample.tif,192,2240,35.93376262731218,127.19632730926995,0.06856267899274826,넓은 밝은 노출면 가능성,"타일 전체가 주변보다 밝게 반사되어 나지, 마른 토양, 콘크리트, 암반 노출 같은 표면 변화 가능성이 있습니다. 오차가 타일 중심부에 집중되어 국소적인 표면 변화 가능성이 큽니다.",0.23888689279556274,0.1072181910276413,0.0,0.23888689279556274,0.23888689279556274,0.1072181910276413,0.10009765625,0.014583948999643326,0.011791521683335304,0.02637547068297863,0.3514387309551239,0.18526706099510193,1.8969304584823916,True,높음,정상 패턴과 차이가 큰 편이라 QGIS나 지도에서 실제 지형을 확인하는 것이 좋습니다.
data/raw/sentinel2_active_sample.tif,832,448,35.87294654430662,126.99923050250206,0.06779636442661285,넓은 밝은 노출면 가능성,"타일 전체가 주변보다 밝게 반사되어 나지, 마른 토양, 콘크리트, 암반 노출 같은 표면 변화 가능성이 있습니다. 오차가 타일 중심부에 집중되어 국소적인 표면 변화 가능성이 큽니다.",0.23655548691749573,0.1088019609451294,0.0,0.23655548691749573,0.23655548691749573,0.1088019609451294,0.1005859375,0.013898016884922981,0.012731438502669334,0.026629455387592316,0.29895952343940735,0.20558641850948334,1.454179345147826,True,높음,정상 패턴과 차이가 큰 편이라 QGIS나 지도에서 실제 지형을 확인하는 것이 좋습니다.
data/raw/sentinel2_active_sample.tif,960,704,35.86188160921865,127.02785814678134,0.06762933731079102,넓은 밝은 노출면 가능성,"타일 전체가 주변보다 밝게 반사되어 나지, 마른 토양, 콘크리트, 암반 노출 같은 표면 변화 가능성이 있습니다. 오차가 가장자리 쪽에 많아 지형/토지피복 경계일 가능성이 있습니다.",0.2504677176475525,0.06996622681617737,0.0,0.2504677176475525,0.2504677176475525,0.06996622681617737,0.1005859375,0.008024517446756363,0.008503636345267296,0.01652815379202366,0.19407327473163605,0.2733592987060547,0.7099567333186807,True,높음,정상 패턴과 차이가 큰 편이라 QGIS나 지도에서 실제 지형을 확인하는 것이 좋습니다.
data/raw/sentinel2_active_sample.tif,576,512,35.89613163405568,127.00573741631096,0.06735330075025558,넓은 밝은 노출면 가능성,"타일 전체가 주변보다 밝게 반사되어 나지, 마른 토양, 콘크리트, 암반 노출 같은 표면 변화 가능성이 있습니다. 오차가 타일 전반에 퍼져 있어 넓은 면적의 표면 차이 가능성이 있습니다.",0.2480299025774002,0.07638367265462875,0.0,0.2480299025774002,0.2480299025774002,0.07638367265462875,0.1005859375,0.012204963713884354,0.012394708581268787,0.02459967229515314,0.22451861202716827,0.24949966371059418,0.8998754094017436,True,높음,정상 패턴과 차이가 큰 편이라 QGIS나 지도에서 실제 지형을 확인하는 것이 좋습니다.
data/raw/sentinel2_active_sample.tif,128,1856,35.93888285731229,127.15364429824548,0.06728431582450867,넓은 밝은 노출면 가능성,"타일 전체가 주변보다 밝게 반사되어 나지, 마른 토양, 콘크리트, 암반 노출 같은 표면 변화 가능성이 있습니다. 오차가 타일 전반에 퍼져 있어 넓은 면적의 표면 차이 가능성이 있습니다.",0.23889315128326416,0.1010662391781807,0.0,0.23889315128326416,0.23889315128326416,0.1010662391781807,0.100341796875,0.012057311832904816,0.013156606815755367,0.025213918648660183,0.2259899228811264,0.2469295859336853,0.9151998616391703,True,높음,정상 패턴과 차이가 큰 편이라 QGIS나 지도에서 실제 지형을 확인하는 것이 좋습니다.
data/raw/sentinel2_active_sample.tif,128,512,35.93649908042052,127.00472352969747,0.06631997227668762,넓은 밝은 노출면 가능성,"타일 전체가 주변보다 밝게 반사되어 나지, 마른 토양, 콘크리트, 암반 노출 같은 표면 변화 가능성이 있습니다. 오차가 타일 전반에 퍼져 있어 넓은 면적의 표면 차이 가능성이 있습니다.",0.25508442521095276,0.035382479429244995,0.0,0.25508442521095276,0.25508442521095276,0.035382479429244995,0.1005859375,0.0072264415211975574,0.008036701008677483,0.01526314252987504,0.25633591413497925,0.2550255060195923,1.0051383413990218,True,높음,정상 패턴과 차이가 큰 편이라 QGIS나 지도에서 실제 지형을 확인하는 것이 좋습니다.
data/raw/sentinel2_active_sample.tif,704,704,35.88494919889979,127.02728617044635,0.06480182707309723,넓은 밝은 노출면 가능성,"타일 전체가 주변보다 밝게 반사되어 나지, 마른 토양, 콘크리트, 암반 노출 같은 표면 변화 가능성이 있습니다. 오차가 가장자리 쪽에 많아 지형/토지피복 경계일 가능성이 있습니다.",0.2402874082326889,0.08404634147882462,0.0,0.2402874082326889,0.2402874082326889,0.08404634147882462,0.100830078125,0.013064746744930744,0.01290416531264782,0.025968912057578564,0.2195444256067276,0.2566002905368805,0.8555891544291648,True,높음,정상 패턴과 차이가 큰 편이라 QGIS나 지도에서 실제 지형을 확인하는 것이 좋습니다.
data/raw/sentinel2_active_sample.tif,512,0,35.9009429786841,126.94889035189584,0.06470105051994324,넓은 밝은 노출면 가능성,"타일 전체가 주변보다 밝게 반사되어 나지, 마른 토양, 콘크리트, 암반 노출 같은 표면 변화 가능성이 있습니다. 오차가 가장자리 쪽에 많아 지형/토지피복 경계일 가능성이 있습니다.",0.24222901463508606,0.07762829959392548,0.0,0.24222901463508606,0.24222901463508606,0.07762829959392548,0.10009765625,0.011313198134303093,0.01086392067372799,0.022177118808031082,0.21025630831718445,0.24981985986232758,0.8416316798554523,True,높음,정상 패턴과 차이가 큰 편이라 QGIS나 지도에서 실제 지형을 확인하는 것이 좋습니다.
data/raw/sentinel2_active_sample.tif,768,704,35.87918231054317,127.02742922547618,0.06457328051328659,넓은 밝은 노출면 가능성,"타일 전체가 주변보다 밝게 반사되어 나지, 마른 토양, 콘크리트, 암반 노출 같은 표면 변화 가능성이 있습니다. 오차가 타일 중심부에 집중되어 국소적인 표면 변화 가능성이 큽니다.",0.23737654089927673,0.09069541096687317,0.0,0.23737654089927673,0.23737654089927673,0.09069541096687317,0.100341796875,0.012536679394543171,0.01384126115590334,0.02637794055044651,0.2913980484008789,0.22356998920440674,1.3033862435555157,True,높음,정상 패턴과 차이가 큰 편이라 QGIS나 지도에서 실제 지형을 확인하는 것이 좋습니다.
data/raw/sentinel2_active_sample.tif,384,448,35.91331398635128,126.99821417416514,0.06452926248311996,넓은 밝은 노출면 가능성,"타일 전체가 주변보다 밝게 반사되어 나지, 마른 토양, 콘크리트, 암반 노출 같은 표면 변화 가능성이 있습니다. 오차가 타일 전반에 퍼져 있어 넓은 면적의 표면 차이 가능성이 있습니다.",0.22995653748512268,0.10793168842792511,0.0,0.22995653748512268,0.22995653748512268,0.10793168842792511,0.100341796875,0.00948953628540039,0.008603268302977085,0.018092804588377476,0.23001602292060852,0.23155243694782257,0.9933647252973621,True,높음,정상 패턴과 차이가 큰 편이라 QGIS나 지도에서 실제 지형을 확인하는 것이 좋습니다.
data/raw/sentinel2_active_sample.tif,128,576,35.936616779524854,127.0118145936369,0.06262648105621338,넓은 밝은 노출면 가능성,"타일 전체가 주변보다 밝게 반사되어 나지, 마른 토양, 콘크리트, 암반 노출 같은 표면 변화 가능성이 있습니다. 오차가 타일 전반에 퍼져 있어 넓은 면적의 표면 차이 가능성이 있습니다.",0.24573704600334167,0.04732635244727135,0.0,0.24573704600334167,0.24573704600334167,0.04732635244727135,0.102783203125,0.0064238994382321835,0.007140221074223518,0.013564120512455702,0.22982385754585266,0.25269827246665955,0.9094793379569902,True,높음,정상 패턴과 차이가 큰 편이라 QGIS나 지도에서 실제 지형을 확인하는 것이 좋습니다.
data/raw/sentinel2_active_sample.tif,0,1856,35.95041736276531,127.15337586313576,0.062360066920518875,넓은 밝은 노출면 가능성,"타일 전체가 주변보다 밝게 반사되어 나지, 마른 토양, 콘크리트, 암반 노출 같은 표면 변화 가능성이 있습니다. 오차가 타일 전반에 퍼져 있어 넓은 면적의 표면 차이 가능성이 있습니다.",0.23223963379859924,0.09178682416677475,0.0,0.23223963379859924,0.23223963379859924,0.09178682416677475,0.10009765625,0.008999249897897243,0.011011521331965923,0.020010771229863167,0.22443613409996033,0.2352777123451233,0.9539200796492797,True,높음,정상 패턴과 차이가 큰 편이라 QGIS나 지도에서 실제 지형을 확인하는 것이 좋습니다.
data/raw/sentinel2_active_sample.tif,0,576,35.94815033067324,127.01152557034814,0.062122322618961334,넓은 밝은 노출면 가능성,"타일 전체가 주변보다 밝게 반사되어 나지, 마른 토양, 콘크리트, 암반 노출 같은 표면 변화 가능성이 있습니다. 오차가 타일 전반에 퍼져 있어 넓은 면적의 표면 차이 가능성이 있습니다.",0.24344685673713684,0.053441163152456284,0.0,0.24344685673713684,0.24344685673713684,0.053441163152456284,0.100830078125,0.008952366188168526,0.008562091737985611,0.017514457926154137,0.2406006008386612,0.2423953115940094,0.9925959345354246,True,높음,정상 패턴과 차이가 큰 편이라 QGIS나 지도에서 실제 지형을 확인하는 것이 좋습니다.
data/raw/sentinel2_active_sample.tif,1152,2176,35.847144487135424,127.19120506843292,0.06194320321083069,넓은 밝은 노출면 가능성,"타일 전체가 주변보다 밝게 반사되어 나지, 마른 토양, 콘크리트, 암반 노출 같은 표면 변화 가능성이 있습니다. 오차가 타일 전반에 퍼져 있어 넓은 면적의 표면 차이 가능성이 있습니다.",0.24648651480674744,0.03446149826049805,0.0,0.24648651480674744,0.24648651480674744,0.03446149826049805,0.1005859375,0.003945033531636,0.005142291076481342,0.009087324608117342,0.2482953518629074,0.24461454153060913,1.0150473896983663,True,높음,정상 패턴과 차이가 큰 편이라 QGIS나 지도에서 실제 지형을 확인하는 것이 좋습니다.
data/raw/sentinel2_active_sample.tif,704,448,35.88448012946635,126.99894032919984,0.06141369417309761,국소 밝은 반사체 가능성,"일부 영역이 주변보다 밝게 나타나 건물 지붕, 도로, 공사장 일부, 노출 토양 가능성을 확인해야 합니다. 고오차 픽셀 비율은 약 10%입니다. 오차가 가장자리 쪽에 많아 지형/토지피복 경계일 가능성이 있습니다.",0.21038661897182465,0.13096247613430023,0.0,0.21038661897182465,0.21038661897182465,0.13096247613430023,0.10009765625,0.010588649660348892,0.011866784654557705,0.022455434314906597,0.09772232174873352,0.2512645423412323,0.3889220533791861,True,높음,정상 패턴과 차이가 큰 편이라 QGIS나 지도에서 실제 지형을 확인하는 것이 좋습니다.
data/raw/sentinel2_active_sample.tif,512,128,35.901184349411245,126.96306568780487,0.060664013028144836,국소 밝은 반사체 가능성,"일부 영역이 주변보다 밝게 나타나 건물 지붕, 도로, 공사장 일부, 노출 토양 가능성을 확인해야 합니다. 고오차 픽셀 비율은 약 10%입니다. 오차가 가장자리 쪽에 많아 지형/토지피복 경계일 가능성이 있습니다.",0.2122579962015152,0.12494220584630966,0.0,0.2122579962015152,0.2122579962015152,0.12494220584630966,0.10009765625,0.01252787746489048,0.011004311963915825,0.023532189428806305,0.11255989968776703,0.2576978802680969,0.4367901651758444,True,높음,정상 패턴과 차이가 큰 편이라 QGIS나 지도에서 실제 지형을 확인하는 것이 좋습니다.
data/raw/sentinel2_active_sample.tif,1216,640,35.83869747860902,127.02134705234054,0.059876494109630585,넓은 밝은 노출면 가능성,"타일 전체가 주변보다 밝게 반사되어 나지, 마른 토양, 콘크리트, 암반 노출 같은 표면 변화 가능성이 있습니다. 오차가 타일 전반에 퍼져 있어 넓은 면적의 표면 차이 가능성이 있습니다.",0.23326057195663452,0.07393243163824081,0.0,0.23326057195663452,0.23326057195663452,0.07393243163824081,0.100830078125,0.007025584112852812,0.007813289761543274,0.014838873874396086,0.2566757798194885,0.22335538268089294,1.1491810796706892,True,높음,정상 패턴과 차이가 큰 편이라 QGIS나 지도에서 실제 지형을 확인하는 것이 좋습니다.
data/raw/sentinel2_active_sample.tif,192,2048,35.933440995277195,127.17505271438709,0.059775661677122116,국소 밝은 반사체 가능성,"일부 영역이 주변보다 밝게 나타나 건물 지붕, 도로, 공사장 일부, 노출 토양 가능성을 확인해야 합니다. 고오차 픽셀 비율은 약 10%입니다. 오차가 가장자리 쪽에 많아 지형/토지피복 경계일 가능성이 있습니다.",0.19401110708713531,0.14877955615520477,0.0,0.19401110708713531,0.19401110708713531,0.14877955615520477,0.10009765625,0.011498515494167805,0.012240603566169739,0.023739119060337543,0.11984105408191681,0.23064813017845154,0.5195838959942848,True,높음,정상 패턴과 차이가 큰 편이라 QGIS나 지도에서 실제 지형을 확인하는 것이 좋습니다.
data/raw/sentinel2_active_sample.tif,192,192,35.93013767234018,126.96941636689711,0.0588156059384346,넓은 밝은 노출면 가능성,"타일 전체가 주변보다 밝게 반사되어 나지, 마른 토양, 콘크리트, 암반 노출 같은 표면 변화 가능성이 있습니다. 오차가 타일 전반에 퍼져 있어 넓은 면적의 표면 차이 가능성이 있습니다.",0.22445331513881683,0.09184938669204712,0.0,0.22445331513881683,0.22445331513881683,0.09184938669204712,0.10009765625,0.009220062755048275,0.007836027070879936,0.01705608982592821,0.2159518003463745,0.22136430442333221,0.9755493366870616,True,높음,정상 패턴과 차이가 큰 편이라 QGIS나 지도에서 실제 지형을 확인하는 것이 좋습니다.
data/raw/sentinel2_active_sample.tif,768,512,35.87883120906405,127.00617132224778,0.05815797671675682,넓은 밝은 노출면 가능성,"타일 전체가 주변보다 밝게 반사되어 나지, 마른 토양, 콘크리트, 암반 노출 같은 표면 변화 가능성이 있습니다. 오차가 가장자리 쪽에 많아 지형/토지피복 경계일 가능성이 있습니다.",0.2220982015132904,0.09397002309560776,0.0,0.2220982015132904,0.2220982015132904,0.09397002309560776,0.10009765625,0.013941454701125622,0.011943601071834564,0.025885055772960186,0.16831080615520477,0.24103623628616333,0.6982800957586419,True,높음,정상 패턴과 차이가 큰 편이라 QGIS나 지도에서 실제 지형을 확인하는 것이 좋습니다.
data/raw/sentinel2_active_sample.tif,192,1856,35.9331155956049,127.15377845860442,0.058020006865262985,넓은 밝은 노출면 가능성,"타일 전체가 주변보다 밝게 반사되어 나지, 마른 토양, 콘크리트, 암반 노출 같은 표면 변화 가능성이 있습니다. 오차가 타일 전반에 퍼져 있어 넓은 면적의 표면 차이 가능성이 있습니다.",0.21751441061496735,0.10347698628902435,0.0,0.21751441061496735,0.21751441061496735,0.10347698628902435,0.10009765625,0.01150898914784193,0.012514413334429264,0.024023402482271194,0.21048808097839355,0.21670901775360107,0.9712935952564709,True,높음,정상 패턴과 차이가 큰 편이라 QGIS나 지도에서 실제 지형을 확인하는 것이 좋습니다.
data/raw/sentinel2_active_sample.tif,960,768,35.861997734273054,127.03494265760682,0.05707663297653198,넓은 밝은 노출면 가능성,"타일 전체가 주변보다 밝게 반사되어 나지, 마른 토양, 콘크리트, 암반 노출 같은 표면 변화 가능성이 있습니다. 오차가 가장자리 쪽에 많아 지형/토지피복 경계일 가능성이 있습니다.",0.22198644280433655,0.08830996602773666,0.0,0.22198644280433655,0.22198644280433655,0.08830996602773666,0.100341796875,0.008042956702411175,0.006874131038784981,0.014917087741196156,0.16831132769584656,0.23987697064876556,0.7016568836959869,True,높음,정상 패턴과 차이가 큰 편이라 QGIS나 지도에서 실제 지형을 확인하는 것이 좋습니다.
data/raw/sentinel2_active_sample.tif,576,0,35.89517638367582,126.94903917689605,0.05666966736316681,넓은 밝은 노출면 가능성,"타일 전체가 주변보다 밝게 반사되어 나지, 마른 토양, 콘크리트, 암반 노출 같은 표면 변화 가능성이 있습니다. 오차가 타일 전반에 퍼져 있어 넓은 면적의 표면 차이 가능성이 있습니다.",0.21991793811321259,0.09113598614931107,0.0,0.21991793811321259,0.21991793811321259,0.09113598614931107,0.10009765625,0.008965568616986275,0.009171899408102036,0.01813746802508831,0.24073584377765656,0.20949125289916992,1.1491450857546064,True,높음,정상 패턴과 차이가 큰 편이라 QGIS나 지도에서 실제 지형을 확인하는 것이 좋습니다.
data/raw/sentinel2_active_sample.tif,704,192,35.88400437625108,126.97059514767568,0.0565490685403347,넓은 밝은 노출면 가능성,"타일 전체가 주변보다 밝게 반사되어 나지, 마른 토양, 콘크리트, 암반 노출 같은 표면 변화 가능성이 있습니다. 오차가 타일 전반에 퍼져 있어 넓은 면적의 표면 차이 가능성이 있습니다.",0.20835532248020172,0.11461730301380157,0.0,0.20835532248020172,0.20835532248020172,0.11461730301380157,0.1005859375,0.010466999374330044,0.009935261681675911,0.020402261056005955,0.21375221014022827,0.21056270599365234,1.0151475263937388,True,높음,정상 패턴과 차이가 큰 편이라 QGIS나 지도에서 실제 지형을 확인하는 것이 좋습니다.
data/raw/sentinel2_active_sample.tif,64,1344,35.94376358927437,127.09677220478987,0.056069567799568176,넓은 밝은 노출면 가능성,"타일 전체가 주변보다 밝게 반사되어 나지, 마른 토양, 콘크리트, 암반 노출 같은 표면 변화 가능성이 있습니다. 오차가 타일 중심부에 집중되어 국소적인 표면 변화 가능성이 큽니다.",0.22829720377922058,0.06284864246845245,0.0,0.22829720377922058,0.22829720377922058,0.06284864246845245,0.1005859375,0.008903692476451397,0.007718450389802456,0.016622142866253853,0.2548435926437378,0.21048659086227417,1.210735522865147,True,높음,정상 패턴과 차이가 큰 편이라 QGIS나 지도에서 실제 지형을 확인하는 것이 좋습니다.
data/raw/sentinel2_active_sample.tif,256,640,35.92520043534176,127.01919352911627,0.055034052580595016,넓은 밝은 노출면 가능성,"타일 전체가 주변보다 밝게 반사되어 나지, 마른 토양, 콘크리트, 암반 노출 같은 표면 변화 가능성이 있습니다. 오차가 타일 전반에 퍼져 있어 넓은 면적의 표면 차이 가능성이 있습니다.",0.2241109311580658,0.0693422257900238,0.0,0.2241109311580658,0.2241109311580658,0.0693422257900238,0.10009765625,0.009512977674603462,0.009828472509980202,0.019341450184583664,0.2269003987312317,0.22061225771903992,1.028503135216539,True,높음,정상 패턴과 차이가 큰 편이라 QGIS나 지도에서 실제 지형을 확인하는 것이 좋습니다.
data/raw/sentinel2_active_sample.tif,0,640,35.94826766062239,127.01861770452496,0.054958365857601166,넓은 밝은 노출면 가능성,"타일 전체가 주변보다 밝게 반사되어 나지, 마른 토양, 콘크리트, 암반 노출 같은 표면 변화 가능성이 있습니다. 오차가 타일 전반에 퍼져 있어 넓은 면적의 표면 차이 가능성이 있습니다.",0.22182168066501617,0.07585185766220093,0.0,0.22182168066501617,0.22182168066501617,0.07585185766220093,0.100341796875,0.009034994058310986,0.00947554875165224,0.018510542809963226,0.23044730722904205,0.21475495398044586,1.073070972090474,True,높음,정상 패턴과 차이가 큰 편이라 QGIS나 지도에서 실제 지형을 확인하는 것이 좋습니다.
data/raw/sentinel2_active_sample.tif,256,256,35.92449077286509,126.9766536891065,0.05486730486154556,넓은 밝은 노출면 가능성,"타일 전체가 주변보다 밝게 반사되어 나지, 마른 토양, 콘크리트, 암반 노출 같은 표면 변화 가능성이 있습니다. 오차가 타일 전반에 퍼져 있어 넓은 면적의 표면 차이 가능성이 있습니다.",0.22330674529075623,0.07072064280509949,0.0,0.22330674529075623,0.22330674529075623,0.07072064280509949,0.10009765625,0.009742292575538158,0.010208364576101303,0.01995065715163946,0.20991060137748718,0.23721736669540405,0.8848871577223949,True,높음,정상 패턴과 차이가 큰 편이라 QGIS나 지도에서 실제 지형을 확인하는 것이 좋습니다.
data/raw/sentinel2_active_sample.tif,256,320,35.924610095811936,126.98374355890873,0.05452365055680275,넓은 밝은 노출면 가능성,"타일 전체가 주변보다 밝게 반사되어 나지, 마른 토양, 콘크리트, 암반 노출 같은 표면 변화 가능성이 있습니다. 오차가 가장자리 쪽에 많아 지형/토지피복 경계일 가능성이 있습니다.",0.2137269526720047,0.09404490888118744,0.0,0.2137269526720047,0.2137269526720047,0.09404490888118744,0.10009765625,0.011441105045378208,0.011677367612719536,0.023118472658097744,0.14587296545505524,0.2432694137096405,0.5996354544972311,True,높음,정상 패턴과 차이가 큰 편이라 QGIS나 지도에서 실제 지형을 확인하는 것이 좋습니다.
data/raw/sentinel2_active_sample.tif,1408,2240,35.82418093303478,127.19881062486638,0.054381635040044785,넓은 밝은 노출면 가능성,"타일 전체가 주변보다 밝게 반사되어 나지, 마른 토양, 콘크리트, 암반 노출 같은 표면 변화 가능성이 있습니다. 오차가 타일 전반에 퍼져 있어 넓은 면적의 표면 차이 가능성이 있습니다.",0.23009251058101654,0.037935156375169754,0.0,0.23009251058101654,0.23009251058101654,0.037935156375169754,0.1005859375,0.0029257540591061115,0.0034574256278574467,0.006383179686963558,0.24406057596206665,0.22349366545677185,1.0920245791452772,True,높음,정상 패턴과 차이가 큰 편이라 QGIS나 지도에서 실제 지형을 확인하는 것이 좋습니다.
data/raw/sentinel2_active_sample.tif,320,1664,35.92125202570834,127.13277583842127,0.054204970598220825,넓은 밝은 노출면 가능성,"타일 전체가 주변보다 밝게 반사되어 나지, 마른 토양, 콘크리트, 암반 노출 같은 표면 변화 가능성이 있습니다. 오차가 타일 전반에 퍼져 있어 넓은 면적의 표면 차이 가능성이 있습니다.",0.2313736081123352,0.025907978415489197,0.0,0.2313736081123352,0.2313736081123352,0.025907978415489197,0.10205078125,0.003489539260044694,0.0022259915713220835,0.005715530831366777,0.23860962688922882,0.2266121804714203,1.0529426370323531,True,높음,정상 패턴과 차이가 큰 편이라 QGIS나 지도에서 실제 지형을 확인하는 것이 좋습니다.
data/raw/sentinel2_active_sample.tif,448,256,35.90719073854308,126.97709437864066,0.054118864238262177,넓은 밝은 노출면 가능성,"타일 전체가 주변보다 밝게 반사되어 나지, 마른 토양, 콘크리트, 암반 노출 같은 표면 변화 가능성이 있습니다. 오차가 타일 전반에 퍼져 있어 넓은 면적의 표면 차이 가능성이 있습니다.",0.2117927372455597,0.09624294191598892,0.0,0.2117927372455597,0.2117927372455597,0.09624294191598892,0.10009765625,0.013522161170840263,0.012865887023508549,0.026388048194348812,0.22473777830600739,0.21637356281280518,1.0386563653362701,True,높음,정상 패턴과 차이가 큰 편이라 QGIS나 지도에서 실제 지형을 확인하는 것이 좋습니다.
data/raw/sentinel2_active_sample.tif,256,1728,35.92712934787271,127.13973096287734,0.0541076697409153,넓은 밝은 노출면 가능성,"타일 전체가 주변보다 밝게 반사되어 나지, 마른 토양, 콘크리트, 암반 노출 같은 표면 변화 가능성이 있습니다. 오차가 타일 전반에 퍼져 있어 넓은 면적의 표면 차이 가능성이 있습니다.",0.22293046116828918,0.06640538573265076,0.0,0.22293046116828918,0.22293046116828918,0.06640538573265076,0.10009765625,0.011126302182674408,0.010634801350533962,0.02176110353320837,0.2170512080192566,0.2249312400817871,0.9649669291839352,True,높음,정상 패턴과 차이가 큰 편이라 QGIS나 지도에서 실제 지형을 확인하는 것이 좋습니다.
data/raw/sentinel2_active_sample.tif,64,1664,35.94432080728231,127.13223309909314,0.053781621158123016,넓은 밝은 노출면 가능성,"타일 전체가 주변보다 밝게 반사되어 나지, 마른 토양, 콘크리트, 암반 노출 같은 표면 변화 가능성이 있습니다. 오차가 타일 전반에 퍼져 있어 넓은 면적의 표면 차이 가능성이 있습니다.",0.2180945873260498,0.07884398102760315,0.0,0.2180945873260498,0.2180945873260498,0.07884398102760315,0.10009765625,0.009551020339131355,0.008550377562642097,0.018101397901773453,0.22091901302337646,0.22174343466758728,0.9962820922051348,True,높음,정상 패턴과 차이가 큰 편이라 QGIS나 지도에서 실제 지형을 확인하는 것이 좋습니다.
data/raw/sentinel2_active_sample.tif,576,64,35.89529725255647,126.95612631038617,0.053540196269750595,넓은 밝은 노출면 가능성,"타일 전체가 주변보다 밝게 반사되어 나지, 마른 토양, 콘크리트, 암반 노출 같은 표면 변화 가능성이 있습니다. 오차가 가장자리 쪽에 많아 지형/토지피복 경계일 가능성이 있습니다.",0.2122008204460144,0.09225516021251678,0.0,0.2122008204460144,0.2122008204460144,0.09225516021251678,0.10009765625,0.01141373161226511,0.011587163433432579,0.02300089504569769,0.16007597744464874,0.2243833839893341,0.713403883115774,True,높음,정상 패턴과 차이가 큰 편이라 QGIS나 지도에서 실제 지형을 확인하는 것이 좋습니다.
data/raw/sentinel2_active_sample.tif,320,448,35.91908073955004,126.99806881932959,0.053307533264160156,넓은 밝은 노출면 가능성,"타일 전체가 주변보다 밝게 반사되어 나지, 마른 토양, 콘크리트, 암반 노출 같은 표면 변화 가능성이 있습니다. 오차가 타일 전반에 퍼져 있어 넓은 면적의 표면 차이 가능성이 있습니다.",0.21205011010169983,0.09133610129356384,0.0,0.21205011010169983,0.21205011010169983,0.09133610129356384,0.101318359375,0.012305445037782192,0.011567327193915844,0.023872772231698036,0.19048897922039032,0.2165851593017578,0.8795107653474589,True,높음,정상 패턴과 차이가 큰 편이라 QGIS나 지도에서 실제 지형을 확인하는 것이 좋습니다.
data/raw/sentinel2_active_sample.tif,320,1728,35.92136212029936,127.13986607560538,0.053292836993932724,넓은 밝은 노출면 가능성,"타일 전체가 주변보다 밝게 반사되어 나지, 마른 토양, 콘크리트, 암반 노출 같은 표면 변화 가능성이 있습니다. 오차가 타일 전반에 퍼져 있어 넓은 면적의 표면 차이 가능성이 있습니다.",0.2269531935453415,0.04225027933716774,0.0,0.2269531935453415,0.2269531935453415,0.04225027933716774,0.103515625,0.007747521623969078,0.008231813088059425,0.015979334712028503,0.22163859009742737,0.22608943283557892,0.9803137958181868,True,높음,정상 패턴과 차이가 큰 편이라 QGIS나 지도에서 실제 지형을 확인하는 것이 좋습니다.
data/raw/sentinel2_active_sample.tif,0,1600,35.94997735828464,127.12500454639888,0.05316576361656189,넓은 밝은 노출면 가능성,"타일 전체가 주변보다 밝게 반사되어 나지, 마른 토양, 콘크리트, 암반 노출 같은 표면 변화 가능성이 있습니다. 오차가 타일 전반에 퍼져 있어 넓은 면적의 표면 차이 가능성이 있습니다.",0.22485333681106567,0.05105623975396156,0.0,0.22485333681106567,0.22485333681106567,0.05105623975396156,0.100341796875,0.008211805485188961,0.008620508015155792,0.016832313500344753,0.23443171381950378,0.22456714510917664,1.0439270344089353,True,높음,정상 패턴과 차이가 큰 편이라 QGIS나 지도에서 실제 지형을 확인하는 것이 좋습니다.
data/raw/sentinel2_active_sample.tif,896,640,35.86753194867312,127.020630230771,0.052562013268470764,넓은 밝은 노출면 가능성,"타일 전체가 주변보다 밝게 반사되어 나지, 마른 토양, 콘크리트, 암반 노출 같은 표면 변화 가능성이 있습니다. 오차가 가장자리 쪽에 많아 지형/토지피복 경계일 가능성이 있습니다.",0.2087201625108719,0.09485729038715363,0.0,0.2087201625108719,0.2087201625108719,0.09485729038715363,0.100830078125,0.00944474060088396,0.010916185565292835,0.020360926166176796,0.17738810181617737,0.21432220935821533,0.8276701810202657,True,높음,정상 패턴과 차이가 큰 편이라 QGIS나 지도에서 실제 지형을 확인하는 것이 좋습니다.
data/raw/sentinel2_active_sample.tif,320,0,35.91824272720159,126.94844362311731,0.051745589822530746,넓은 밝은 노출면 가능성,"타일 전체가 주변보다 밝게 반사되어 나지, 마른 토양, 콘크리트, 암반 노출 같은 표면 변화 가능성이 있습니다. 오차가 가장자리 쪽에 많아 지형/토지피복 경계일 가능성이 있습니다.",0.21645259857177734,0.06995616853237152,0.0,0.21645259857177734,0.21645259857177734,0.06995616853237152,0.10009765625,0.009421585127711296,0.010931660421192646,0.020353245548903942,0.19289487600326538,0.22184818983078003,0.8694904211316781,True,높음,정상 패턴과 차이가 큰 편이라 QGIS나 지도에서 실제 지형을 확인하는 것이 좋습니다.
data/raw/sentinel2_active_sample.tif,1024,2240,35.85878591110261,127.19802786783278,0.05117117613554001,넓은 밝은 노출면 가능성,"타일 전체가 주변보다 밝게 반사되어 나지, 마른 토양, 콘크리트, 암반 노출 같은 표면 변화 가능성이 있습니다. 오차가 타일 전반에 퍼져 있어 넓은 면적의 표면 차이 가능성이 있습니다.",0.21837550401687622,0.059019580483436584,0.0,0.21837550401687622,0.21837550401687622,0.059019580483436584,0.1005859375,0.006654428783804178,0.008521528914570808,0.015175957698374987,0.21021659672260284,0.22210529446601868,0.9464726954303435,True,높음,정상 패턴과 차이가 큰 편이라 QGIS나 지도에서 실제 지형을 확인하는 것이 좋습니다.
data/raw/sentinel2_active_sample.tif,128,1984,35.93910025481153,127.16782812677944,0.050986818969249725,넓은 밝은 노출면 가능성,"타일 전체가 주변보다 밝게 반사되어 나지, 마른 토양, 콘크리트, 암반 노출 같은 표면 변화 가능성이 있습니다. 오차가 가장자리 쪽에 많아 지형/토지피복 경계일 가능성이 있습니다.",0.19607578217983246,0.11198708415031433,0.0,0.19607578217983246,0.19607578217983246,0.11198708415031433,0.10107421875,0.012322213500738144,0.010600181296467781,0.022922394797205925,0.1779155433177948,0.20890231430530548,0.8516686084088839,True,높음,정상 패턴과 차이가 큰 편이라 QGIS나 지도에서 실제 지형을 확인하는 것이 좋습니다.
data/raw/sentinel2_active_sample.tif,704,256,35.884123941132174,126.97768138069817,0.0507943294942379,넓은 밝은 노출면 가능성,"타일 전체가 주변보다 밝게 반사되어 나지, 마른 토양, 콘크리트, 암반 노출 같은 표면 변화 가능성이 있습니다. 오차가 가장자리 쪽에 많아 지형/토지피복 경계일 가능성이 있습니다.",0.20356643199920654,0.09672144055366516,0.0,0.20356643199920654,0.20356643199920654,0.09672144055366516,0.10009765625,0.011515870690345764,0.011739152483642101,0.023255023173987865,0.1843772828578949,0.2176273763179779,0.8472154835359458,True,높음,정상 패턴과 차이가 큰 편이라 QGIS나 지도에서 실제 지형을 확인하는 것이 좋습니다.
data/raw/sentinel2_active_sample.tif,0,1664,35.950087987683354,127.13209731784812,0.05023898929357529,넓은 밝은 노출면 가능성,"타일 전체가 주변보다 밝게 반사되어 나지, 마른 토양, 콘크리트, 암반 노출 같은 표면 변화 가능성이 있습니다. 오차가 타일 전반에 퍼져 있어 넓은 면적의 표면 차이 가능성이 있습니다.",0.2182675004005432,0.05097338184714317,0.0,0.2182675004005432,0.2182675004005432,0.05097338184714317,0.1015625,0.007044859696179628,0.008006350137293339,0.015051209833472967,0.23337262868881226,0.21637138724327087,1.078574351545043,True,높음,정상 패턴과 차이가 큰 편이라 QGIS나 지도에서 실제 지형을 확인하는 것이 좋습니다.
data/raw/sentinel2_active_sample.tif,1152,768,35.844696905185586,127.03536967640136,0.05000666528940201,넓은 밝은 노출면 가능성,"타일 전체가 주변보다 밝게 반사되어 나지, 마른 토양, 콘크리트, 암반 노출 같은 표면 변화 가능성이 있습니다. 오차가 가장자리 쪽에 많아 지형/토지피복 경계일 가능성이 있습니다.",0.21336035430431366,0.06696286052465439,0.0,0.21336035430431366,0.21336035430431366,0.06696286052465439,0.100830078125,0.00712251290678978,0.007427560165524483,0.014550073072314262,0.17213256657123566,0.22980734705924988,0.7490298668599822,True,높음,정상 패턴과 차이가 큰 편이라 QGIS나 지도에서 실제 지형을 확인하는 것이 좋습니다.
data/raw/sentinel2_active_sample.tif,1088,2176,35.85291195210242,127.19107404085698,0.0497230663895607,넓은 밝은 노출면 가능성,"타일 전체가 주변보다 밝게 반사되어 나지, 마른 토양, 콘크리트, 암반 노출 같은 표면 변화 가능성이 있습니다. 오차가 타일 전반에 퍼져 있어 넓은 면적의 표면 차이 가능성이 있습니다.",0.2188098430633545,0.04295726120471954,0.0,0.2188098430633545,0.2188098430633545,0.04295726120471954,0.100830078125,0.004628132097423077,0.005665826145559549,0.010293958242982626,0.20530803501605988,0.22528374195098877,0.9113308987060652,True,높음,정상 패턴과 차이가 큰 편이라 QGIS나 지도에서 실제 지형을 확인하는 것이 좋습니다.
data/raw/sentinel2_active_sample.tif,640,256,35.88989064958842,126.97753469271792,0.04943900555372238,넓은 밝은 노출면 가능성,"타일 전체가 주변보다 밝게 반사되어 나지, 마른 토양, 콘크리트, 암반 노출 같은 표면 변화 가능성이 있습니다. 오차가 가장자리 쪽에 많아 지형/토지피복 경계일 가능성이 있습니다.",0.19328245520591736,0.10991310328245163,0.0,0.19328245520591736,0.19328245520591736,0.10991310328245163,0.100341796875,0.011338351294398308,0.01105408277362585,0.02239243406802416,0.11199502646923065,0.23099423944950104,0.4848390450607515,True,높음,정상 패턴과 차이가 큰 편이라 QGIS나 지도에서 실제 지형을 확인하는 것이 좋습니다.
data/raw/sentinel2_active_sample.tif,512,576,35.902015980772106,127.01268067873673,0.04930640012025833,넓은 밝은 노출면 가능성,"타일 전체가 주변보다 밝게 반사되어 나지, 마른 토양, 콘크리트, 암반 노출 같은 표면 변화 가능성이 있습니다. 오차가 타일 전반에 퍼져 있어 넓은 면적의 표면 차이 가능성이 있습니다.",0.21614862978458405,0.050854407250881195,0.0,0.21614862978458405,0.21614862978458405,0.050854407250881195,0.100341796875,0.008905038237571716,0.008930647745728493,0.01783568598330021,0.2002173662185669,0.21464580297470093,0.9327802521354931,True,높음,정상 패턴과 차이가 큰 편이라 QGIS나 지도에서 실제 지형을 확인하는 것이 좋습니다.
data/raw/sentinel2_active_sample.tif,64,2112,35.94508332439736,127.18187996723067,0.048323389142751694,국소 밝은 반사체 가능성,"일부 영역이 주변보다 밝게 나타나 건물 지붕, 도로, 공사장 일부, 노출 토양 가능성을 확인해야 합니다. 고오차 픽셀 비율은 약 10%입니다. 오차가 타일 전반에 퍼져 있어 넓은 면적의 표면 차이 가능성이 있습니다.",0.1805567741394043,0.1253899335861206,0.0,0.1805567741394043,0.1805567741394043,0.1253899335861206,0.10009765625,0.012771074660122395,0.013490634970366955,0.02626170963048935,0.1897677183151245,0.1801251769065857,1.0535324465693072,True,높음,정상 패턴과 차이가 큰 편이라 QGIS나 지도에서 실제 지형을 확인하는 것이 좋습니다.
data/raw/sentinel2_active_sample.tif,1152,2368,35.84746260048925,127.21245677962261,0.047852084040641785,넓은 밝은 노출면 가능성,"타일 전체가 주변보다 밝게 반사되어 나지, 마른 토양, 콘크리트, 암반 노출 같은 표면 변화 가능성이 있습니다. 오차가 타일 중심부에 집중되어 국소적인 표면 변화 가능성이 큽니다.",0.21447449922561646,0.0430438295006752,0.0,0.21447449922561646,0.21447449922561646,0.0430438295006752,0.10107421875,0.005678820423781872,0.00735851377248764,0.013037334196269512,0.24213901162147522,0.20159736275672913,1.2011020794635512,True,높음,정상 패턴과 차이가 큰 편이라 QGIS나 지도에서 실제 지형을 확인하는 것이 좋습니다.
data/raw/sentinel2_active_sample.tif,640,704,35.89071608121304,127.02714307476627,0.04757736623287201,넓은 밝은 노출면 가능성,"타일 전체가 주변보다 밝게 반사되어 나지, 마른 토양, 콘크리트, 암반 노출 같은 표면 변화 가능성이 있습니다. 오차가 타일 전반에 퍼져 있어 넓은 면적의 표면 차이 가능성이 있습니다.",0.20985281467437744,0.059490833431482315,0.0,0.20985281467437744,0.20985281467437744,0.059490833431482315,0.10009765625,0.009049398824572563,0.009572778828442097,0.01862217765301466,0.21816326677799225,0.20898669958114624,1.0439098144295202,True,높음,정상 패턴과 차이가 큰 편이라 QGIS나 지도에서 실제 지형을 확인하는 것이 좋습니다.
data/raw/sentinel2_active_sample.tif,960,256,35.86105704663143,126.97826771604483,0.04708920419216156,넓은 밝은 노출면 가능성,"타일 전체가 주변보다 밝게 반사되어 나지, 마른 토양, 콘크리트, 암반 노출 같은 표면 변화 가능성이 있습니다. 오차가 타일 전반에 퍼져 있어 넓은 면적의 표면 차이 가능성이 있습니다.",0.21033862233161926,0.05335602909326553,0.0,0.21033862233161926,0.21033862233161926,0.05335602909326553,0.100341796875,0.00907813012599945,0.009224451147019863,0.018302581273019314,0.21901698410511017,0.2102029025554657,1.0419313027674235,True,높음,정상 패턴과 차이가 큰 편이라 QGIS나 지도에서 실제 지형을 확인하는 것이 좋습니다.
data/raw/sentinel2_active_sample.tif,64,2048,35.944975649752905,127.17478744366748,0.04702872782945633,넓은 밝은 노출면 가능성,"타일 전체가 주변보다 밝게 반사되어 나지, 마른 토양, 콘크리트, 암반 노출 같은 표면 변화 가능성이 있습니다. 오차가 타일 중심부에 집중되어 국소적인 표면 변화 가능성이 큽니다.",0.18586519360542297,0.11172670125961304,0.0,0.18586519360542297,0.18586519360542297,0.11172670125961304,0.1005859375,0.012823691591620445,0.012256015092134476,0.02507970668375492,0.2099524438381195,0.172040194272995,1.2203685582042822,True,높음,정상 패턴과 차이가 큰 편이라 QGIS나 지도에서 실제 지형을 확인하는 것이 좋습니다.
data/raw/sentinel2_active_sample.tif,1088,2304,35.85312448979463,127.20524283628761,0.04690796881914139,넓은 밝은 노출면 가능성,"타일 전체가 주변보다 밝게 반사되어 나지, 마른 토양, 콘크리트, 암반 노출 같은 표면 변화 가능성이 있습니다. 오차가 타일 전반에 퍼져 있어 넓은 면적의 표면 차이 가능성이 있습니다.",0.21209116280078888,0.043878357857465744,0.0,0.21209116280078888,0.21209116280078888,0.043878357857465744,0.1015625,0.005328286439180374,0.007263099774718285,0.012591386213898659,0.2202191799879074,0.20588314533233643,1.0696319003307908,True,높음,정상 패턴과 차이가 큰 편이라 QGIS나 지도에서 실제 지형을 확인하는 것이 좋습니다.
