source,row,col,latitude,longitude,displacement,absolute_displacement,displacement_level,displacement_direction,threshold_percentile,hotspot_threshold
data/insar/S1AA_20260426T093143_20260520T093142_VVP024_INT80_G_weF_FE23_vert_disp.tif,1241,1873,35.7327815386129,127.08571994987152,0.09312281757593155,0.09312281757593155,큼,융기 또는 상승 변위,98.5,0.06387754529714584
data/insar/S1AA_20260426T093143_20260520T093142_VVP024_INT80_G_weF_FE23_vert_disp.tif,1225,1883,35.744456439703406,127.0942866479995,0.08969920128583908,0.08969920128583908,큼,융기 또는 상승 변위,98.5,0.06387754529714584
data/insar/S1AA_20260426T093143_20260520T093142_VVP024_INT80_G_weF_FE23_vert_disp.tif,1224,1882,35.745163329715005,127.0933851579837,0.08520998060703278,0.08520998060703278,큼,융기 또는 상승 변위,98.5,0.06387754529714584
data/insar/S1AA_20260426T093143_20260520T093142_VVP024_INT80_G_weF_FE23_vert_disp.tif,1211,1857,35.7541824614332,127.07105162219135,0.08519002795219421,0.08519002795219421,큼,융기 또는 상승 변위,98.5,0.06387754529714584
data/insar/S1AA_20260426T093143_20260520T093142_VVP024_INT80_G_weF_FE23_vert_disp.tif,1149,2022,35.801133804173745,127.21598543322354,0.08435124158859253,0.08435124158859253,큼,융기 또는 상승 변위,98.5,0.06387754529714584
data/insar/S1AA_20260426T093143_20260520T093142_VVP024_INT80_G_weF_FE23_vert_disp.tif,1213,1843,35.75254143235144,127.05870526270132,0.08306176215410233,0.08306176215410233,큼,융기 또는 상승 변위,98.5,0.06387754529714584
data/insar/S1AA_20260426T093143_20260520T093142_VVP024_INT80_G_weF_FE23_vert_disp.tif,1211,1842,35.75396893159983,127.05778585252865,0.08245135843753815,0.08245135843753815,큼,융기 또는 상승 변위,98.5,0.06387754529714584
data/insar/S1AA_20260426T093143_20260520T093142_VVP024_INT80_G_weF_FE23_vert_disp.tif,1214,1876,35.75228812679759,127.0879068850897,0.08225567638874054,0.08225567638874054,큼,융기 또는 상승 변위,98.5,0.06387754529714584
data/insar/S1AA_20260426T093143_20260520T093142_VVP024_INT80_G_weF_FE23_vert_disp.tif,1223,1883,35.745898251851855,127.09425227015716,0.08210057020187378,0.08210057020187378,큼,융기 또는 상승 변위,98.5,0.06387754529714584
data/insar/S1AA_20260426T093143_20260520T093142_VVP024_INT80_G_weF_FE23_vert_disp.tif,1226,1884,35.74374954236383,127.09518812208731,0.08206472545862198,0.08206472545862198,큼,융기 또는 상승 변위,98.5,0.06387754529714584
data/insar/S1AA_20260426T093143_20260520T093142_VVP024_INT80_G_weF_FE23_vert_disp.tif,1213,1844,35.75255570590212,127.05958962768835,0.08164239674806595,0.08164239674806595,큼,융기 또는 상승 변위,98.5,0.06387754529714584
data/insar/S1AA_20260426T093143_20260520T093142_VVP024_INT80_G_weF_FE23_vert_disp.tif,1140,1993,35.80723857180752,127.19017396285899,0.08115027099847794,0.08115027099847794,큼,융기 또는 상승 변위,98.5,0.06387754529714584
data/insar/S1AA_20260426T093143_20260520T093142_VVP024_INT80_G_weF_FE23_vert_disp.tif,1225,1884,35.7444704489482,127.09517094204564,0.08078210055828094,0.08078210055828094,큼,융기 또는 상승 변위,98.5,0.06387754529714584
data/insar/S1AA_20260426T093143_20260520T093142_VVP024_INT80_G_weF_FE23_vert_disp.tif,1241,1872,35.73276746386554,127.08483578993955,0.08044983446598053,0.08044983446598053,큼,융기 또는 상승 변위,98.5,0.06387754529714584
data/insar/S1AA_20260426T093143_20260520T093142_VVP024_INT80_G_weF_FE23_vert_disp.tif,1138,1993,35.808680447375814,127.1901412387776,0.08018017560243607,0.08018017560243607,큼,융기 또는 상승 변위,98.5,0.06387754529714584
data/insar/S1AA_20260426T093143_20260520T093142_VVP024_INT80_G_weF_FE23_vert_disp.tif,1138,1994,35.80869377261741,127.1910262923874,0.08018017560243607,0.08018017560243607,큼,융기 또는 상승 변위,98.5,0.06387754529714584
data/insar/S1AA_20260426T093143_20260520T093142_VVP024_INT80_G_weF_FE23_vert_disp.tif,1223,1880,35.745856182928264,127.09159934389696,0.08010771125555038,0.08010771125555038,큼,융기 또는 상승 변위,98.5,0.06387754529714584
data/insar/S1AA_20260426T093143_20260520T093142_VVP024_INT80_G_weF_FE23_vert_disp.tif,1243,1869,35.73128339552747,127.08221789255063,0.07993768900632858,0.07993768900632858,큼,융기 또는 상승 변위,98.5,0.06387754529714584
data/insar/S1AA_20260426T093143_20260520T093142_VVP024_INT80_G_weF_FE23_vert_disp.tif,1213,1842,35.75252715230428,127.05782089833632,0.07993388921022415,0.07993388921022415,큼,융기 또는 상승 변위,98.5,0.06387754529714584
data/insar/S1AA_20260426T093143_20260520T093142_VVP024_INT80_G_weF_FE23_vert_disp.tif,1214,1877,35.75230218558548,127.08879126247643,0.07915288954973221,0.07915288954973221,주의,융기 또는 상승 변위,98.5,0.06387754529714584
data/insar/S1AA_20260426T093143_20260520T093142_VVP024_INT80_G_weF_FE23_vert_disp.tif,1243,1872,35.731325656492324,127.08487032091286,0.07872214913368225,0.07872214913368225,주의,융기 또는 상승 변위,98.5,0.06387754529714584
data/insar/S1AA_20260426T093143_20260520T093142_VVP024_INT80_G_weF_FE23_vert_disp.tif,1212,1842,35.75324804199908,127.05780337574363,0.07847270369529724,0.07847270369529724,주의,융기 또는 상승 변위,98.5,0.06387754529714584
data/insar/S1AA_20260426T093143_20260520T093142_VVP024_INT80_G_weF_FE23_vert_disp.tif,1212,1843,35.75326232242286,127.0586877480753,0.07847270369529724,0.07847270369529724,주의,융기 또는 상승 변위,98.5,0.06387754529714584
data/insar/S1AA_20260426T093143_20260520T093142_VVP024_INT80_G_weF_FE23_vert_disp.tif,1224,1878,35.745107200325535,127.08984795849442,0.0784137174487114,0.0784137174487114,주의,융기 또는 상승 변위,98.5,0.06387754529714584
data/insar/S1AA_20260426T093143_20260520T093142_VVP024_INT80_G_weF_FE23_vert_disp.tif,1219,1874,35.74865547954553,127.08622445813815,0.07777871936559677,0.07777871936559677,주의,융기 또는 상승 변위,98.5,0.06387754529714584
data/insar/S1AA_20260426T093143_20260520T093142_VVP024_INT80_G_weF_FE23_vert_disp.tif,1141,1981,35.80635723577901,127.17957001377522,0.07772161811590195,0.07772161811590195,주의,융기 또는 상승 변위,98.5,0.06387754529714584
data/insar/S1AA_20260426T093143_20260520T093142_VVP024_INT80_G_weF_FE23_vert_disp.tif,1165,1956,35.78871783845144,127.15784422394566,0.07697851210832596,0.07697851210832596,주의,융기 또는 상승 변위,98.5,0.06387754529714584
data/insar/S1AA_20260426T093143_20260520T093142_VVP024_INT80_G_weF_FE23_vert_disp.tif,1157,2010,35.7952081449901,127.20549543362148,0.07659570127725601,0.07659570127725601,주의,융기 또는 상승 변위,98.5,0.06387754529714584
data/insar/S1AA_20260426T093143_20260520T093142_VVP024_INT80_G_weF_FE23_vert_disp.tif,1157,2009,35.79519493055383,127.20461052253566,0.07659570127725601,0.07659570127725601,주의,융기 또는 상승 변위,98.5,0.06387754529714584
data/insar/S1AA_20260426T093143_20260520T093142_VVP024_INT80_G_weF_FE23_vert_disp.tif,1242,1872,35.73204656022584,127.08485305573276,0.07652760297060013,0.07652760297060013,주의,융기 또는 상승 변위,98.5,0.06387754529714584
data/insar/S1AA_20260426T093143_20260520T093142_VVP024_INT80_G_weF_FE23_vert_disp.tif,1131,1979,35.813539737303174,127.17763521359927,0.07591566443443298,0.07591566443443298,주의,융기 또는 상승 변위,98.5,0.06387754529714584
data/insar/S1AA_20260426T093143_20260520T093142_VVP024_INT80_G_weF_FE23_vert_disp.tif,1115,1989,35.82520859119459,127.18622380063105,0.07569120079278946,0.07569120079278946,주의,융기 또는 상승 변위,98.5,0.06387754529714584
data/insar/S1AA_20260426T093143_20260520T093142_VVP024_INT80_G_weF_FE23_vert_disp.tif,1115,1988,35.82519522529612,127.18533856606469,0.07569120079278946,0.07569120079278946,주의,융기 또는 상승 변위,98.5,0.06387754529714584
data/insar/S1AA_20260426T093143_20260520T093142_VVP024_INT80_G_weF_FE23_vert_disp.tif,1175,1995,35.782032307066146,127.19251577502523,0.07542441040277481,0.07542441040277481,주의,융기 또는 상승 변위,98.5,0.06387754529714584
data/insar/S1AA_20260426T093143_20260520T093142_VVP024_INT80_G_weF_FE23_vert_disp.tif,1219,1856,35.74840111009507,127.07030650930736,0.07539330422878265,0.07539330422878265,주의,융기 또는 상승 변위,98.5,0.06387754529714584
data/insar/S1AA_20260426T093143_20260520T093142_VVP024_INT80_G_weF_FE23_vert_disp.tif,1242,1869,35.732004298146066,127.08220060349423,0.07524411380290985,0.07524411380290985,주의,융기 또는 상승 변위,98.5,0.06387754529714584
data/insar/S1AA_20260426T093143_20260520T093142_VVP024_INT80_G_weF_FE23_vert_disp.tif,1190,1935,35.77040863097182,127.13968328077527,0.07501211017370224,0.07501211017370224,주의,융기 또는 상승 변위,98.5,0.06387754529714584
data/insar/S1AA_20260426T093143_20260520T093142_VVP024_INT80_G_weF_FE23_vert_disp.tif,1139,1994,35.807972834528606,127.19104264672784,0.07453752309083939,0.07453752309083939,주의,융기 또는 상승 변위,98.5,0.06387754529714584
data/insar/S1AA_20260426T093143_20260520T093142_VVP024_INT80_G_weF_FE23_vert_disp.tif,1224,1879,35.74512124241559,127.09073225744967,0.07443077862262726,0.07443077862262726,주의,융기 또는 상승 변위,98.5,0.06387754529714584
data/insar/S1AA_20260426T093143_20260520T093142_VVP024_INT80_G_weF_FE23_vert_disp.tif,1157,2014,35.79526093765074,127.20903508372118,0.07435250282287598,0.07435250282287598,주의,융기 또는 상승 변위,98.5,0.06387754529714584
data/insar/S1AA_20260426T093143_20260520T093142_VVP024_INT80_G_weF_FE23_vert_disp.tif,1200,1941,35.76328139294927,127.14515835774937,0.07433494925498962,0.07433494925498962,주의,융기 또는 상승 변위,98.5,0.06387754529714584
data/insar/S1AA_20260426T093143_20260520T093142_VVP024_INT80_G_weF_FE23_vert_disp.tif,1130,1981,35.81428750130714,127.17938895406722,0.07432065159082413,0.07432065159082413,주의,융기 또는 상승 변위,98.5,0.06387754529714584
data/insar/S1AA_20260426T093143_20260520T093142_VVP024_INT80_G_weF_FE23_vert_disp.tif,1223,1884,35.74591226183573,127.09513658013184,0.07423535734415054,0.07423535734415054,주의,융기 또는 상승 변위,98.5,0.06387754529714584
data/insar/S1AA_20260426T093143_20260520T093142_VVP024_INT80_G_weF_FE23_vert_disp.tif,1212,1855,35.75343318076536,127.06930026449064,0.07407449185848236,0.07407449185848236,주의,융기 또는 상승 변위,98.5,0.06387754529714584
data/insar/S1AA_20260426T093143_20260520T093142_VVP024_INT80_G_weF_FE23_vert_disp.tif,1172,1958,35.7836984479979,127.1597302270367,0.07390262186527252,0.07390262186527252,주의,융기 또는 상승 변위,98.5,0.06387754529714584
data/insar/S1AA_20260426T093143_20260520T093142_VVP024_INT80_G_weF_FE23_vert_disp.tif,1152,1962,35.798171152078524,127.16293735336608,0.07387568056583405,0.07387568056583405,주의,융기 또는 상승 변위,98.5,0.06387754529714584
data/insar/S1AA_20260426T093143_20260520T093142_VVP024_INT80_G_weF_FE23_vert_disp.tif,1223,1881,35.74587021239811,127.09248365203942,0.07387461513280869,0.07387461513280869,주의,융기 또는 상승 변위,98.5,0.06387754529714584
data/insar/S1AA_20260426T093143_20260520T093142_VVP024_INT80_G_weF_FE23_vert_disp.tif,1241,1871,35.73275338262605,127.08395163062075,0.0738508403301239,0.0738508403301239,주의,융기 또는 상승 변위,98.5,0.06387754529714584
data/insar/S1AA_20260426T093143_20260520T093142_VVP024_INT80_G_weF_FE23_vert_disp.tif,1147,2023,35.802588834934205,127.21683818135662,0.0736503079533577,0.0736503079533577,주의,융기 또는 상승 변위,98.5,0.06387754529714584
data/insar/S1AA_20260426T093143_20260520T093142_VVP024_INT80_G_weF_FE23_vert_disp.tif,1114,1997,35.82603622073543,127.19328935382369,0.0736258327960968,0.0736258327960968,주의,융기 또는 상승 변위,98.5,0.06387754529714584
data/insar/S1AA_20260426T093143_20260520T093142_VVP024_INT80_G_weF_FE23_vert_disp.tif,1192,1851,35.767794173763335,127.0654136010775,0.07362432777881622,0.07362432777881622,주의,융기 또는 상승 변위,98.5,0.06387754529714584
data/insar/S1AA_20260426T093143_20260520T093142_VVP024_INT80_G_weF_FE23_vert_disp.tif,1133,1977,35.812071017035954,127.17589800055391,0.07339777797460556,0.07339777797460556,주의,융기 또는 상승 변위,98.5,0.06387754529714584
data/insar/S1AA_20260426T093143_20260520T093142_VVP024_INT80_G_weF_FE23_vert_disp.tif,1212,1840,35.75321946166161,127.05603463294746,0.07335983961820602,0.07335983961820602,주의,융기 또는 상승 변위,98.5,0.06387754529714584
data/insar/S1AA_20260426T093143_20260520T093142_VVP024_INT80_G_weF_FE23_vert_disp.tif,1176,1944,35.780624496540916,127.1474105577832,0.07326363027095795,0.07326363027095795,주의,융기 또는 상승 변위,98.5,0.06387754529714584
data/insar/S1AA_20260426T093143_20260520T093142_VVP024_INT80_G_weF_FE23_vert_disp.tif,1224,1880,35.74513527801054,127.09161655701651,0.07320725917816162,0.07320725917816162,주의,융기 또는 상승 변위,98.5,0.06387754529714584
data/insar/S1AA_20260426T093143_20260520T093142_VVP024_INT80_G_weF_FE23_vert_disp.tif,1240,1874,35.733516511156495,127.08658685992873,0.07320494204759598,0.07320494204759598,주의,융기 또는 상승 변위,98.5,0.06387754529714584
data/insar/S1AA_20260426T093143_20260520T093142_VVP024_INT80_G_weF_FE23_vert_disp.tif,1240,1873,35.73350244253012,127.08570269142449,0.07320494204759598,0.07320494204759598,주의,융기 또는 상승 변위,98.5,0.06387754529714584
data/insar/S1AA_20260426T093143_20260520T093142_VVP024_INT80_G_weF_FE23_vert_disp.tif,1220,1858,35.74770858094146,127.07209255122808,0.07318031787872314,0.07318031787872314,주의,융기 또는 상승 변위,98.5,0.06387754529714584
data/insar/S1AA_20260426T093143_20260520T093142_VVP024_INT80_G_weF_FE23_vert_disp.tif,1191,1939,35.76974240502805,127.14323846457432,0.07317373901605606,0.07317373901605606,주의,융기 또는 상승 변위,98.5,0.06387754529714584
data/insar/S1AA_20260426T093143_20260520T093142_VVP024_INT80_G_weF_FE23_vert_disp.tif,1242,1871,35.732032479357834,127.08396890437307,0.07315067946910858,0.07315067946910858,주의,융기 또는 상승 변위,98.5,0.06387754529714584
data/insar/S1AA_20260426T093143_20260520T093142_VVP024_INT80_G_weF_FE23_vert_disp.tif,1213,1881,35.75307926011901,127.0923115668777,0.07309242337942123,0.07309242337942123,주의,융기 또는 상승 변위,98.5,0.06387754529714584
data/insar/S1AA_20260426T093143_20260520T093142_VVP024_INT80_G_weF_FE23_vert_disp.tif,1148,2023,35.80186788589792,127.21685429880098,0.07299545407295227,0.07299545407295227,주의,융기 또는 상승 변위,98.5,0.06387754529714584
data/insar/S1AA_20260426T093143_20260520T093142_VVP024_INT80_G_weF_FE23_vert_disp.tif,1174,1955,35.7822159310223,127.15710923690837,0.07292629033327103,0.07292629033327103,주의,융기 또는 상승 변위,98.5,0.06387754529714584
data/insar/S1AA_20260426T093143_20260520T093142_VVP024_INT80_G_weF_FE23_vert_disp.tif,1016,1795,35.89385858422551,127.01271847227082,0.07290425151586533,0.07290425151586533,주의,융기 또는 상승 변위,98.5,0.06387754529714584
data/insar/S1AA_20260426T093143_20260520T093142_VVP024_INT80_G_weF_FE23_vert_disp.tif,1160,2009,35.79303209496274,127.20465919137861,0.07241709530353546,0.07241709530353546,주의,융기 또는 상승 변위,98.5,0.06387754529714584
data/insar/S1AA_20260426T093143_20260520T093142_VVP024_INT80_G_weF_FE23_vert_disp.tif,1160,2010,35.79304530835393,127.20554407850791,0.07241709530353546,0.07241709530353546,주의,융기 또는 상승 변위,98.5,0.06387754529714584
data/insar/S1AA_20260426T093143_20260520T093142_VVP024_INT80_G_weF_FE23_vert_disp.tif,1212,1857,35.753461566200905,127.07106902590029,0.07214564085006714,0.07214564085006714,주의,융기 또는 상승 변위,98.5,0.06387754529714584
data/insar/S1AA_20260426T093143_20260520T093142_VVP024_INT80_G_weF_FE23_vert_disp.tif,1238,1868,35.734873805850555,127.08124725977204,0.07197515666484833,0.07197515666484833,주의,융기 또는 상승 변위,98.5,0.06387754529714584
data/insar/S1AA_20260426T093143_20260520T093142_VVP024_INT80_G_weF_FE23_vert_disp.tif,1178,1985,35.77973614150107,127.18371742629513,0.07196351140737534,0.07196351140737534,주의,융기 또는 상승 변위,98.5,0.06387754529714584
data/insar/S1AA_20260426T093143_20260520T093142_VVP024_INT80_G_weF_FE23_vert_disp.tif,1130,1980,35.814274088589784,127.17850384409964,0.07194993644952774,0.07194993644952774,주의,융기 또는 상승 변위,98.5,0.06387754529714584
data/insar/S1AA_20260426T093143_20260520T093142_VVP024_INT80_G_weF_FE23_vert_disp.tif,1214,1856,35.752005586733645,127.07021946638362,0.07171857357025146,0.07171857357025146,주의,융기 또는 상승 변위,98.5,0.06387754529714584
data/insar/S1AA_20260426T093143_20260520T093142_VVP024_INT80_G_weF_FE23_vert_disp.tif,1211,1840,35.753940350508586,127.05601709379872,0.0715729221701622,0.0715729221701622,주의,융기 또는 상승 변위,98.5,0.06387754529714584
data/insar/S1AA_20260426T093143_20260520T093142_VVP024_INT80_G_weF_FE23_vert_disp.tif,1159,2010,35.793766253992324,127.20552786412166,0.07150205224752426,0.07150205224752426,주의,융기 또는 상승 변위,98.5,0.06387754529714584
data/insar/S1AA_20260426T093143_20260520T093142_VVP024_INT80_G_weF_FE23_vert_disp.tif,1159,2009,35.79375304025279,127.20464296900714,0.07150205224752426,0.07150205224752426,주의,융기 또는 상승 변위,98.5,0.06387754529714584
data/insar/S1AA_20260426T093143_20260520T093142_VVP024_INT80_G_weF_FE23_vert_disp.tif,1178,1976,35.77961557969755,127.17575488662138,0.0714501217007637,0.0714501217007637,주의,융기 또는 상승 변위,98.5,0.06387754529714584
data/insar/S1AA_20260426T093143_20260520T093142_VVP024_INT80_G_weF_FE23_vert_disp.tif,1166,1986,35.7884007654727,127.18440537091406,0.07144945114850998,0.07144945114850998,주의,융기 또는 상승 변위,98.5,0.06387754529714584
data/insar/S1AA_20260426T093143_20260520T093142_VVP024_INT80_G_weF_FE23_vert_disp.tif,1213,1845,35.75256997295631,127.06047399329705,0.07139483839273453,0.07139483839273453,주의,융기 또는 상승 변위,98.5,0.06387754529714584
data/insar/S1AA_20260426T093143_20260520T093142_VVP024_INT80_G_weF_FE23_vert_disp.tif,1153,1962,35.79745022400771,127.16295395514604,0.07135758548974991,0.07135758548974991,주의,융기 또는 상승 변위,98.5,0.06387754529714584
data/insar/S1AA_20260426T093143_20260520T093142_VVP024_INT80_G_weF_FE23_vert_disp.tif,1188,1936,35.771864159390084,127.1405343098497,0.07124072313308716,0.07124072313308716,주의,융기 또는 상승 변위,98.5,0.06387754529714584
data/insar/S1AA_20260426T093143_20260520T093142_VVP024_INT80_G_weF_FE23_vert_disp.tif,1234,1871,35.73779970287708,127.08383069717664,0.07114604860544205,0.07114604860544205,주의,융기 또는 상승 변위,98.5,0.06387754529714584
data/insar/S1AA_20260426T093143_20260520T093142_VVP024_INT80_G_weF_FE23_vert_disp.tif,1171,1959,35.78443291776339,127.16059837411015,0.07114111632108688,0.07114111632108688,주의,융기 또는 상승 변위,98.5,0.06387754529714584
data/insar/S1AA_20260426T093143_20260520T093142_VVP024_INT80_G_weF_FE23_vert_disp.tif,1217,1869,35.75002683311764,127.08176817747808,0.070997454226017,0.070997454226017,주의,융기 또는 상승 변위,98.5,0.06387754529714584
data/insar/S1AA_20260426T093143_20260520T093142_VVP024_INT80_G_weF_FE23_vert_disp.tif,1130,1979,35.81426066935978,127.17761873471703,0.07074756175279617,0.07074756175279617,주의,융기 또는 상승 변위,98.5,0.06387754529714584
data/insar/S1AA_20260426T093143_20260520T093142_VVP024_INT80_G_weF_FE23_vert_disp.tif,1111,1991,35.82811904208234,127.18792869889985,0.07059741765260696,0.07059741765260696,주의,융기 또는 상승 변위,98.5,0.06387754529714584
data/insar/S1AA_20260426T093143_20260520T093142_VVP024_INT80_G_weF_FE23_vert_disp.tif,1119,1989,35.82232485388282,127.18628942790284,0.07055214047431946,0.07055214047431946,주의,융기 또는 상승 변위,98.5,0.06387754529714584
data/insar/S1AA_20260426T093143_20260520T093142_VVP024_INT80_G_weF_FE23_vert_disp.tif,1119,1990,35.82233821185774,127.18717463106456,0.07055214047431946,0.07055214047431946,주의,융기 또는 상승 변위,98.5,0.06387754529714584
data/insar/S1AA_20260426T093143_20260520T093142_VVP024_INT80_G_weF_FE23_vert_disp.tif,1146,2027,35.80336225330671,127.22036209472586,0.07053950428962708,0.07053950428962708,주의,융기 또는 상승 변위,98.5,0.06387754529714584
data/insar/S1AA_20260426T093143_20260520T093142_VVP024_INT80_G_weF_FE23_vert_disp.tif,1140,1991,35.80721190319591,127.18840388934571,0.0704929307103157,0.0704929307103157,주의,융기 또는 상승 변위,98.5,0.06387754529714584
data/insar/S1AA_20260426T093143_20260520T093142_VVP024_INT80_G_weF_FE23_vert_disp.tif,1222,1884,35.74663316813887,127.09511939825971,0.07046237587928772,0.07046237587928772,주의,융기 또는 상승 변위,98.5,0.06387754529714584
data/insar/S1AA_20260426T093143_20260520T093142_VVP024_INT80_G_weF_FE23_vert_disp.tif,1214,1878,35.75231623787656,127.08967564047555,0.07043702155351639,0.07043702155351639,주의,융기 또는 상승 변위,98.5,0.06387754529714584
data/insar/S1AA_20260426T093143_20260520T093142_VVP024_INT80_G_weF_FE23_vert_disp.tif,1120,1988,35.821590555184564,127.18542063868111,0.07034854590892792,0.07034854590892792,주의,융기 또는 상승 변위,98.5,0.06387754529714584
data/insar/S1AA_20260426T093143_20260520T093142_VVP024_INT80_G_weF_FE23_vert_disp.tif,1120,1989,35.821603919321944,127.18630583326403,0.07034854590892792,0.07034854590892792,주의,융기 또는 상승 변위,98.5,0.06387754529714584
data/insar/S1AA_20260426T093143_20260520T093142_VVP024_INT80_G_weF_FE23_vert_disp.tif,1161,2010,35.79232436262255,127.2055602923183,0.07031494379043579,0.07031494379043579,주의,융기 또는 상승 변위,98.5,0.06387754529714584
data/insar/S1AA_20260426T093143_20260520T093142_VVP024_INT80_G_weF_FE23_vert_disp.tif,1161,2009,35.79231114957972,127.20467541317392,0.07031494379043579,0.07031494379043579,주의,융기 또는 상승 변위,98.5,0.06387754529714584
data/insar/S1AA_20260426T093143_20260520T093142_VVP024_INT80_G_weF_FE23_vert_disp.tif,1235,1870,35.73706471030395,127.08296376875795,0.07030808180570602,0.07030808180570602,주의,융기 또는 상승 변위,98.5,0.06387754529714584
data/insar/S1AA_20260426T093143_20260520T093142_VVP024_INT80_G_weF_FE23_vert_disp.tif,1112,1992,35.82741145497045,127.18883035323363,0.07025913894176483,0.07025913894176483,주의,융기 또는 상승 변위,98.5,0.06387754529714584
data/insar/S1AA_20260426T093143_20260520T093142_VVP024_INT80_G_weF_FE23_vert_disp.tif,1137,1984,35.80928116166316,127.18215934764301,0.07020429521799088,0.07020429521799088,주의,융기 또는 상승 변위,98.5,0.06387754529714584
data/insar/S1AA_20260426T093143_20260520T093142_VVP024_INT80_G_weF_FE23_vert_disp.tif,1183,1999,35.776317916101526,127.19618514318036,0.07017622888088226,0.07017622888088226,주의,융기 또는 상승 변위,98.5,0.06387754529714584
data/insar/S1AA_20260426T093143_20260520T093142_VVP024_INT80_G_weF_FE23_vert_disp.tif,1122,1993,35.82021543851103,127.18987936242796,0.07016845792531967,0.07016845792531967,주의,융기 또는 상승 변위,98.5,0.06387754529714584
data/insar/S1AA_20260426T093143_20260520T093142_VVP024_INT80_G_weF_FE23_vert_disp.tif,1226,1882,35.743721518118456,127.0934195505332,0.07016591727733612,0.07016591727733612,주의,융기 또는 상승 변위,98.5,0.06387754529714584
data/insar/S1AA_20260426T093143_20260520T093142_VVP024_INT80_G_weF_FE23_vert_disp.tif,1218,1870,35.74932003562195,127.08266982311842,0.07014715671539307,0.07014715671539307,주의,융기 또는 상승 변위,98.5,0.06387754529714584
data/insar/S1AA_20260426T093143_20260520T093142_VVP024_INT80_G_weF_FE23_vert_disp.tif,1136,2006,35.81029505191918,127.20161446230122,0.0701456144452095,0.0701456144452095,주의,융기 또는 상승 변위,98.5,0.06387754529714584
data/insar/S1AA_20260426T093143_20260520T093142_VVP024_INT80_G_weF_FE23_vert_disp.tif,1111,1987,35.8280655858846,127.18438763150185,0.07005274295806885,0.07005274295806885,주의,융기 또는 상승 변위,98.5,0.06387754529714584
data/insar/S1AA_20260426T093143_20260520T093142_VVP024_INT80_G_weF_FE23_vert_disp.tif,1184,1999,35.77559697207112,127.19620143151299,0.07004539668560028,0.07004539668560028,주의,융기 또는 상승 변위,98.5,0.06387754529714584
data/insar/S1AA_20260426T093143_20260520T093142_VVP024_INT80_G_weF_FE23_vert_disp.tif,1157,2015,35.79527411954472,127.20991999768381,0.0700371041893959,0.0700371041893959,주의,융기 또는 상승 변위,98.5,0.06387754529714584
data/insar/S1AA_20260426T093143_20260520T093142_VVP024_INT80_G_weF_FE23_vert_disp.tif,1014,1820,35.895664882755334,127.03483075615881,0.07000289112329483,0.07000289112329483,주의,융기 또는 상승 변위,98.5,0.06387754529714584
data/insar/S1AA_20260426T093143_20260520T093142_VVP024_INT80_G_weF_FE23_vert_disp.tif,1151,1959,35.79885147363602,127.16026595969859,0.06999610364437103,0.06999610364437103,주의,융기 또는 상승 변위,98.5,0.06387754529714584
data/insar/S1AA_20260426T093143_20260520T093142_VVP024_INT80_G_weF_FE23_vert_disp.tif,1215,1854,35.751256295411466,127.06846816383191,0.06993507593870163,0.06993507593870163,주의,융기 또는 상승 변위,98.5,0.06387754529714584
data/insar/S1AA_20260426T093143_20260520T093142_VVP024_INT80_G_weF_FE23_vert_disp.tif,1219,1883,35.74878187502383,127.09418350714678,0.06993380934000015,0.06993380934000015,주의,융기 또는 상승 변위,98.5,0.06387754529714584
data/insar/S1AA_20260426T093143_20260520T093142_VVP024_INT80_G_weF_FE23_vert_disp.tif,1225,1880,35.744414372999046,127.09163376952478,0.06992935389280319,0.06992935389280319,주의,융기 또는 상승 변위,98.5,0.06387754529714584
data/insar/S1AA_20260426T093143_20260520T093142_VVP024_INT80_G_weF_FE23_vert_disp.tif,1161,1952,35.79154724928091,127.15423826302685,0.06991256028413773,0.06991256028413773,주의,융기 또는 상승 변위,98.5,0.06387754529714584
data/insar/S1AA_20260426T093143_20260520T093142_VVP024_INT80_G_weF_FE23_vert_disp.tif,1130,1978,35.814247243617125,127.17673362591974,0.069879911839962,0.069879911839962,주의,융기 또는 상승 변위,98.5,0.06387754529714584
data/insar/S1AA_20260426T093143_20260520T093142_VVP024_INT80_G_weF_FE23_vert_disp.tif,1127,1980,35.816436885261346,127.1784544279213,0.06975111365318298,0.06975111365318298,주의,융기 또는 상승 변위,98.5,0.06387754529714584
data/insar/S1AA_20260426T093143_20260520T093142_VVP024_INT80_G_weF_FE23_vert_disp.tif,1224,1881,35.745149307110346,127.0925008571946,0.06971237808465958,0.06971237808465958,주의,융기 또는 상승 변위,98.5,0.06387754529714584
data/insar/S1AA_20260426T093143_20260520T093142_VVP024_INT80_G_weF_FE23_vert_disp.tif,1218,1873,35.7493623049773,127.08532285048496,0.0696951150894165,0.0696951150894165,주의,융기 또는 상승 변위,98.5,0.06387754529714584
data/insar/S1AA_20260426T093143_20260520T093142_VVP024_INT80_G_weF_FE23_vert_disp.tif,1163,1957,35.790173249674034,127.15869577040203,0.06964953243732452,0.06964953243732452,주의,융기 또는 상승 변위,98.5,0.06387754529714584
data/insar/S1AA_20260426T093143_20260520T093142_VVP024_INT80_G_weF_FE23_vert_disp.tif,1215,1852,35.75122787324396,127.06669945393428,0.06962540000677109,0.06962540000677109,주의,융기 또는 상승 변위,98.5,0.06387754529714584
data/insar/S1AA_20260426T093143_20260520T093142_VVP024_INT80_G_weF_FE23_vert_disp.tif,1129,2011,35.81540779757379,127.20592630003284,0.06960549205541611,0.06960549205541611,주의,융기 또는 상승 변위,98.5,0.06387754529714584
data/insar/S1AA_20260426T093143_20260520T093142_VVP024_INT80_G_weF_FE23_vert_disp.tif,1234,1881,35.737940249076146,127.092672875145,0.06958701461553574,0.06958701461553574,주의,융기 또는 상승 변위,98.5,0.06387754529714584
data/insar/S1AA_20260426T093143_20260520T093142_VVP024_INT80_G_weF_FE23_vert_disp.tif,1015,1796,35.89459409908314,127.01358636714343,0.06951779872179031,0.06951779872179031,주의,융기 또는 상승 변위,98.5,0.06387754529714584
data/insar/S1AA_20260426T093143_20260520T093142_VVP024_INT80_G_weF_FE23_vert_disp.tif,1013,1820,35.89638574535951,127.03481293278845,0.06951384991407394,0.06951384991407394,주의,융기 또는 상승 변위,98.5,0.06387754529714584
data/insar/S1AA_20260426T093143_20260520T093142_VVP024_INT80_G_weF_FE23_vert_disp.tif,1143,2005,35.80523520987933,127.20084324679209,0.06944242119789124,0.06944242119789124,주의,융기 또는 상승 변위,98.5,0.06387754529714584
data/insar/S1AA_20260426T093143_20260520T093142_VVP024_INT80_G_weF_FE23_vert_disp.tif,1143,2004,35.80522195801131,127.19995822676091,0.06944242119789124,0.06944242119789124,주의,융기 또는 상승 변위,98.5,0.06387754529714584
data/insar/S1AA_20260426T093143_20260520T093142_VVP024_INT80_G_weF_FE23_vert_disp.tif,1205,1857,35.758507830854406,127.07094718695757,0.06936922669410706,0.06936922669410706,주의,융기 또는 상승 변위,98.5,0.06387754529714584
data/insar/S1AA_20260426T093143_20260520T093142_VVP024_INT80_G_weF_FE23_vert_disp.tif,1130,2012,35.81470006519589,127.20682765167275,0.06933745741844177,0.06933745741844177,주의,융기 또는 상승 변위,98.5,0.06387754529714584
data/insar/S1AA_20260426T093143_20260520T093142_VVP024_INT80_G_weF_FE23_vert_disp.tif,1166,1953,35.78795620383289,127.15520644459153,0.06928393989801407,0.06928393989801407,주의,융기 또는 상승 변위,98.5,0.06387754529714584
data/insar/S1AA_20260426T093143_20260520T093142_VVP024_INT80_G_weF_FE23_vert_disp.tif,1150,2022,35.80041285529781,127.21600155751138,0.06923091411590576,0.06923091411590576,주의,융기 또는 상승 변위,98.5,0.06387754529714584
data/insar/S1AA_20260426T093143_20260520T093142_VVP024_INT80_G_weF_FE23_vert_disp.tif,1185,1980,35.77462266762439,127.17940887488184,0.06919347494840622,0.06919347494840622,주의,융기 또는 상승 변위,98.5,0.06387754529714584
data/insar/S1AA_20260426T093143_20260520T093142_VVP024_INT80_G_weF_FE23_vert_disp.tif,1141,1992,35.80650430318483,127.18930529497092,0.06916948407888412,0.06916948407888412,주의,융기 또는 상승 변위,98.5,0.06387754529714584
data/insar/S1AA_20260426T093143_20260520T093142_VVP024_INT80_G_weF_FE23_vert_disp.tif,1241,1874,35.73279560686814,127.08660411041636,0.06915128231048584,0.06915128231048584,주의,융기 또는 상승 변위,98.5,0.06387754529714584
data/insar/S1AA_20260426T093143_20260520T093142_VVP024_INT80_G_weF_FE23_vert_disp.tif,1168,1874,35.7854213733825,127.08534321346956,0.06910663098096848,0.06910663098096848,주의,융기 또는 상승 변위,98.5,0.06387754529714584
data/insar/S1AA_20260426T093143_20260520T093142_VVP024_INT80_G_weF_FE23_vert_disp.tif,1141,1994,35.80653095807162,127.1910753536662,0.06908974796533585,0.06908974796533585,주의,융기 또는 상승 변위,98.5,0.06387754529714584
data/insar/S1AA_20260426T093143_20260520T093142_VVP024_INT80_G_weF_FE23_vert_disp.tif,1166,1966,35.78813217999692,127.16670897554998,0.06904850900173187,0.06904850900173187,주의,융기 또는 상승 변위,98.5,0.06387754529714584
data/insar/S1AA_20260426T093143_20260520T093142_VVP024_INT80_G_weF_FE23_vert_disp.tif,1153,2006,35.798039023495825,127.20189079704157,0.06900300085544586,0.06900300085544586,주의,융기 또는 상승 변위,98.5,0.06387754529714584
data/insar/S1AA_20260426T093143_20260520T093142_VVP024_INT80_G_weF_FE23_vert_disp.tif,1231,1879,35.740074907957556,127.09085278791427,0.06891466677188873,0.06891466677188873,주의,융기 또는 상승 변위,98.5,0.06387754529714584
data/insar/S1AA_20260426T093143_20260520T093142_VVP024_INT80_G_weF_FE23_vert_disp.tif,1038,1869,35.87906646915631,127.07866076613772,0.06887806206941605,0.06887806206941605,주의,융기 또는 상승 변위,98.5,0.06387754529714584
data/insar/S1AA_20260426T093143_20260520T093142_VVP024_INT80_G_weF_FE23_vert_disp.tif,1185,1977,35.77458244875412,127.17675486603798,0.06883940100669861,0.06883940100669861,주의,융기 또는 상승 변위,98.5,0.06387754529714584
data/insar/S1AA_20260426T093143_20260520T093142_VVP024_INT80_G_weF_FE23_vert_disp.tif,1211,1858,35.75419664477975,127.07193601179065,0.06873911619186401,0.06873911619186401,주의,융기 또는 상승 변위,98.5,0.06387754529714584
data/insar/S1AA_20260426T093143_20260520T093142_VVP024_INT80_G_weF_FE23_vert_disp.tif,1170,1988,35.7855437259714,127.18624056373993,0.06873279809951782,0.06873279809951782,주의,융기 또는 상승 변위,98.5,0.06387754529714584
data/insar/S1AA_20260426T093143_20260520T093142_VVP024_INT80_G_weF_FE23_vert_disp.tif,1178,1984,35.77972277176289,127.18283269733064,0.0686761885881424,0.0686761885881424,주의,융기 또는 상승 변위,98.5,0.06387754529714584
data/insar/S1AA_20260426T093143_20260520T093142_VVP024_INT80_G_weF_FE23_vert_disp.tif,1178,1983,35.779709395520236,127.18194796894903,0.0686761885881424,0.0686761885881424,주의,융기 또는 상승 변위,98.5,0.06387754529714584
data/insar/S1AA_20260426T093143_20260520T093142_VVP024_INT80_G_weF_FE23_vert_disp.tif,1221,1881,35.747312022692405,127.09244923989596,0.0686606839299202,0.0686606839299202,주의,융기 또는 상승 변위,98.5,0.06387754529714584
data/insar/S1AA_20260426T093143_20260520T093142_VVP024_INT80_G_weF_FE23_vert_disp.tif,1096,1981,35.838799159809234,127.17882886754204,0.06862910091876984,0.06862910091876984,주의,융기 또는 상승 변위,98.5,0.06387754529714584
data/insar/S1AA_20260426T093143_20260520T093142_VVP024_INT80_G_weF_FE23_vert_disp.tif,1193,1851,35.76707328256462,127.06543106436877,0.06859313696622849,0.06859313696622849,주의,융기 또는 상승 변위,98.5,0.06387754529714584
data/insar/S1AA_20260426T093143_20260520T093142_VVP024_INT80_G_weF_FE23_vert_disp.tif,1143,1979,35.80488854535284,127.17783291454202,0.06855730712413788,0.06855730712413788,주의,융기 또는 상승 변위,98.5,0.06387754529714584
data/insar/S1AA_20260426T093143_20260520T093142_VVP024_INT80_G_weF_FE23_vert_disp.tif,1159,2011,35.79377946122378,127.20641275981208,0.06851772964000702,0.06851772964000702,주의,융기 또는 상승 변위,98.5,0.06387754529714584
data/insar/S1AA_20260426T093143_20260520T093142_VVP024_INT80_G_weF_FE23_vert_disp.tif,1159,2012,35.79379266194714,127.2072976560781,0.06851772964000702,0.06851772964000702,주의,융기 또는 상승 변위,98.5,0.06387754529714584
data/insar/S1AA_20260426T093143_20260520T093142_VVP024_INT80_G_weF_FE23_vert_disp.tif,1159,2016,35.79384539975927,127.2108372468926,0.06844501197338104,0.06844501197338104,주의,융기 또는 상승 변위,98.5,0.06387754529714584
data/insar/S1AA_20260426T093143_20260520T093142_VVP024_INT80_G_weF_FE23_vert_disp.tif,1121,1994,35.82094970587875,127.19074817971187,0.06843698769807816,0.06843698769807816,주의,융기 또는 상승 변위,98.5,0.06387754529714584
data/insar/S1AA_20260426T093143_20260520T093142_VVP024_INT80_G_weF_FE23_vert_disp.tif,1136,1978,35.809921652002195,127.17683253838719,0.06837470829486847,0.06837470829486847,주의,융기 또는 상승 변위,98.5,0.06387754529714584
data/insar/S1AA_20260426T093143_20260520T093142_VVP024_INT80_G_weF_FE23_vert_disp.tif,1138,2016,35.80898528050632,127.21049761825857,0.06834041327238083,0.06834041327238083,주의,융기 또는 상승 변위,98.5,0.06387754529714584
data/insar/S1AA_20260426T093143_20260520T093142_VVP024_INT80_G_weF_FE23_vert_disp.tif,1241,1870,35.732739294894486,127.08306747191541,0.06832581758499146,0.06832581758499146,주의,융기 또는 상승 변위,98.5,0.06387754529714584
data/insar/S1AA_20260426T093143_20260520T093142_VVP024_INT80_G_weF_FE23_vert_disp.tif,1210,1839,35.754646938593574,127.05511516762921,0.06825173646211624,0.06825173646211624,주의,융기 또는 상승 변위,98.5,0.06387754529714584
data/insar/S1AA_20260426T093143_20260520T093142_VVP024_INT80_G_weF_FE23_vert_disp.tif,1211,1841,35.753954644302596,127.0569014728524,0.06816071271896362,0.06816071271896362,주의,융기 또는 상승 변위,98.5,0.06387754529714584
data/insar/S1AA_20260426T093143_20260520T093142_VVP024_INT80_G_weF_FE23_vert_disp.tif,1170,1975,35.78536962898364,127.1747382799951,0.06812196969985962,0.06812196969985962,주의,융기 또는 상승 변위,98.5,0.06387754529714584
data/insar/S1AA_20260426T093143_20260520T093142_VVP024_INT80_G_weF_FE23_vert_disp.tif,1197,1935,35.765362175477534,127.13980083128263,0.06809550523757935,0.06809550523757935,주의,융기 또는 상승 변위,98.5,0.06387754529714584
data/insar/S1AA_20260426T093143_20260520T093142_VVP024_INT80_G_weF_FE23_vert_disp.tif,1135,2003,35.810976229942035,127.19894295024461,0.0680563896894455,0.0680563896894455,주의,융기 또는 상승 변위,98.5,0.06387754529714584
data/insar/S1AA_20260426T093143_20260520T093142_VVP024_INT80_G_weF_FE23_vert_disp.tif,1135,2008,35.81104247069496,127.20336837292504,0.0680382251739502,0.0680382251739502,주의,융기 또는 상승 변위,98.5,0.06387754529714584
data/insar/S1AA_20260426T093143_20260520T093142_VVP024_INT80_G_weF_FE23_vert_disp.tif,1222,1881,35.74659111759214,127.0924664462732,0.06801366060972214,0.06801366060972214,주의,융기 또는 상승 변위,98.5,0.06387754529714584
data/insar/S1AA_20260426T093143_20260520T093142_VVP024_INT80_G_weF_FE23_vert_disp.tif,1163,1954,35.79013255849752,127.1560412754185,0.0679939016699791,0.0679939016699791,주의,융기 또는 상승 변위,98.5,0.06387754529714584
data/insar/S1AA_20260426T093143_20260520T093142_VVP024_INT80_G_weF_FE23_vert_disp.tif,1188,1935,35.7718504745578,127.13964968954811,0.06794634461402893,0.06794634461402893,주의,융기 또는 상승 변위,98.5,0.06387754529714584
data/insar/S1AA_20260426T093143_20260520T093142_VVP024_INT80_G_weF_FE23_vert_disp.tif,1210,1844,35.754718376963694,127.05953710584498,0.06792937219142914,0.06792937219142914,주의,융기 또는 상승 변위,98.5,0.06387754529714584
data/insar/S1AA_20260426T093143_20260520T093142_VVP024_INT80_G_weF_FE23_vert_disp.tif,1121,1969,35.82061447126217,127.16861861737789,0.06788810342550278,0.06788810342550278,주의,융기 또는 상승 변위,98.5,0.06387754529714584
data/insar/S1AA_20260426T093143_20260520T093142_VVP024_INT80_G_weF_FE23_vert_disp.tif,1019,1831,35.89221967497622,127.04466481303182,0.06783074140548706,0.06783074140548706,주의,융기 또는 상승 변위,98.5,0.06387754529714584
data/insar/S1AA_20260426T093143_20260520T093142_VVP024_INT80_G_weF_FE23_vert_disp.tif,1227,1859,35.7426764746761,127.07309853231284,0.06781362742185593,0.06781362742185593,주의,융기 또는 상승 변위,98.5,0.06387754529714584
data/insar/S1AA_20260426T093143_20260520T093142_VVP024_INT80_G_weF_FE23_vert_disp.tif,1212,1844,35.75327659634999,127.05957212102896,0.06776547431945801,0.06776547431945801,주의,융기 또는 상승 변위,98.5,0.06387754529714584
data/insar/S1AA_20260426T093143_20260520T093142_VVP024_INT80_G_weF_FE23_vert_disp.tif,1171,1958,35.78441937641431,127.15971360453263,0.0675768181681633,0.0675768181681633,주의,융기 또는 상승 변위,98.5,0.06387754529714584
data/insar/S1AA_20260426T093143_20260520T093142_VVP024_INT80_G_weF_FE23_vert_disp.tif,1212,1845,35.75329086378047,127.06045649460432,0.06756793707609177,0.06756793707609177,주의,융기 또는 상승 변위,98.5,0.06387754529714584
data/insar/S1AA_20260426T093143_20260520T093142_VVP024_INT80_G_weF_FE23_vert_disp.tif,1150,1960,35.79958594278887,127.16113427060834,0.06753455847501755,0.06753455847501755,주의,융기 또는 상승 변위,98.5,0.06387754529714584
data/insar/S1AA_20260426T093143_20260520T093142_VVP024_INT80_G_weF_FE23_vert_disp.tif,1211,1856,35.754168271589606,127.07016723321013,0.06743491441011429,0.06743491441011429,주의,융기 또는 상승 변위,98.5,0.06387754529714584
data/insar/S1AA_20260426T093143_20260520T093142_VVP024_INT80_G_weF_FE23_vert_disp.tif,1152,1963,35.79818467417781,127.16382227699191,0.06740803271532059,0.06740803271532059,주의,융기 또는 상승 변위,98.5,0.06387754529714584
data/insar/S1AA_20260426T093143_20260520T093142_VVP024_INT80_G_weF_FE23_vert_disp.tif,1189,1937,35.771156915252455,127.14143571070841,0.06739871203899384,0.06739871203899384,주의,융기 또는 상승 변위,98.5,0.06387754529714584
data/insar/S1AA_20260426T093143_20260520T093142_VVP024_INT80_G_weF_FE23_vert_disp.tif,1226,1880,35.7436934678938,127.09165098142176,0.06739634275436401,0.06739634275436401,주의,융기 또는 상승 변위,98.5,0.06387754529714584
data/insar/S1AA_20260426T093143_20260520T093142_VVP024_INT80_G_weF_FE23_vert_disp.tif,1158,2010,35.794487199537706,127.20551164915952,0.06736163794994354,0.06736163794994354,주의,융기 또는 상승 변위,98.5,0.06387754529714584
data/insar/S1AA_20260426T093143_20260520T093142_VVP024_INT80_G_weF_FE23_vert_disp.tif,1207,1856,35.75705185008246,127.0700975803218,0.06721850484609604,0.06721850484609604,주의,융기 또는 상승 변위,98.5,0.06387754529714584
data/insar/S1AA_20260426T093143_20260520T093142_VVP024_INT80_G_weF_FE23_vert_disp.tif,1138,2015,35.80897209852023,127.20961255193536,0.0671342983841896,0.0671342983841896,주의,융기 또는 상승 변위,98.5,0.06387754529714584
data/insar/S1AA_20260426T093143_20260520T093142_VVP024_INT80_G_weF_FE23_vert_disp.tif,1120,1993,35.82165731072642,127.18984661741946,0.06708308309316635,0.06708308309316635,주의,융기 또는 상승 변위,98.5,0.06387754529714584
data/insar/S1AA_20260426T093143_20260520T093142_VVP024_INT80_G_weF_FE23_vert_disp.tif,1192,1852,35.76780840321986,127.06629813839298,0.06704672425985336,0.06704672425985336,주의,융기 또는 상승 변위,98.5,0.06387754529714584
data/insar/S1AA_20260426T093143_20260520T093142_VVP024_INT80_G_weF_FE23_vert_disp.tif,1018,1811,35.89265066212978,127.0269288875501,0.06700868159532547,0.06700868159532547,주의,융기 또는 상승 변위,98.5,0.06387754529714584
data/insar/S1AA_20260426T093143_20260520T093142_VVP024_INT80_G_weF_FE23_vert_disp.tif,1059,1811,35.86309533974934,127.02766195492939,0.0669906958937645,0.0669906958937645,주의,융기 또는 상승 변위,98.5,0.06387754529714584
data/insar/S1AA_20260426T093143_20260520T093142_VVP024_INT80_G_weF_FE23_vert_disp.tif,1219,1872,35.74862732020616,127.0844557873174,0.06695288419723511,0.06695288419723511,주의,융기 또는 상승 변위,98.5,0.06387754529714584
data/insar/S1AA_20260426T093143_20260520T093142_VVP024_INT80_G_weF_FE23_vert_disp.tif,1129,1975,35.81492785786041,127.17406179160261,0.06693040579557419,0.06693040579557419,주의,융기 또는 상승 변위,98.5,0.06387754529714584
data/insar/S1AA_20260426T093143_20260520T093142_VVP024_INT80_G_weF_FE23_vert_disp.tif,1173,1958,35.78297751948817,127.15974684895042,0.06692971289157867,0.06692971289157867,주의,융기 또는 상승 변위,98.5,0.06387754529714584
data/insar/S1AA_20260426T093143_20260520T093142_VVP024_INT80_G_weF_FE23_vert_disp.tif,1190,1934,35.770394940359516,127.13879867702079,0.0669163390994072,0.0669163390994072,주의,융기 또는 상승 변위,98.5,0.06387754529714584
data/insar/S1AA_20260426T093143_20260520T093142_VVP024_INT80_G_weF_FE23_vert_disp.tif,1213,1876,35.753009029295455,127.08788963398757,0.06684428453445435,0.06684428453445435,주의,융기 또는 상승 변위,98.5,0.06387754529714584
data/insar/S1AA_20260426T093143_20260520T093142_VVP024_INT80_G_weF_FE23_vert_disp.tif,1212,1853,35.75340476934253,127.06753150555544,0.06683680415153503,0.06683680415153503,주의,융기 또는 상승 변위,98.5,0.06387754529714584
data/insar/S1AA_20260426T093143_20260520T093142_VVP024_INT80_G_weF_FE23_vert_disp.tif,1144,1985,35.804248000104714,127.18315937963663,0.06682701408863068,0.06682701408863068,주의,융기 또는 상승 변위,98.5,0.06387754529714584
data/insar/S1AA_20260426T093143_20260520T093142_VVP024_INT80_G_weF_FE23_vert_disp.tif,1135,2031,35.81134508121161,127.22372550248525,0.06682233512401581,0.06682233512401581,주의,융기 또는 상승 변위,98.5,0.06387754529714584
data/insar/S1AA_20260426T093143_20260520T093142_VVP024_INT80_G_weF_FE23_vert_disp.tif,1114,1986,35.825889406990974,127.18355166641402,0.06676710397005081,0.06676710397005081,주의,융기 또는 상승 변위,98.5,0.06387754529714584
data/insar/S1AA_20260426T093143_20260520T093142_VVP024_INT80_G_weF_FE23_vert_disp.tif,1210,1843,35.754704102283625,127.05865271695714,0.0667491927742958,0.0667491927742958,주의,융기 또는 상승 변위,98.5,0.06387754529714584
data/insar/S1AA_20260426T093143_20260520T093142_VVP024_INT80_G_weF_FE23_vert_disp.tif,1145,1974,35.8033795114448,127.17344091768719,0.0667051300406456,0.0667051300406456,주의,융기 또는 상승 변위,98.5,0.06387754529714584
data/insar/S1AA_20260426T093143_20260520T093142_VVP024_INT80_G_weF_FE23_vert_disp.tif,1190,1936,35.770422315082406,127.14056788512625,0.0667048767209053,0.0667048767209053,주의,융기 또는 상승 변위,98.5,0.06387754529714584
data/insar/S1AA_20260426T093143_20260520T093142_VVP024_INT80_G_weF_FE23_vert_disp.tif,1164,1966,35.78957404132006,127.16667585058899,0.06668677181005478,0.06668677181005478,주의,융기 또는 상승 변위,98.5,0.06387754529714584
data/insar/S1AA_20260426T093143_20260520T093142_VVP024_INT80_G_weF_FE23_vert_disp.tif,1109,1990,35.82954755586257,127.18701062537902,0.06662866473197937,0.06662866473197937,주의,융기 또는 상승 변위,98.5,0.06387754529714584
data/insar/S1AA_20260426T093143_20260520T093142_VVP024_INT80_G_weF_FE23_vert_disp.tif,1209,1841,35.755396422468415,127.05686640862088,0.06661534309387207,0.06661534309387207,주의,융기 또는 상승 변위,98.5,0.06387754529714584
data/insar/S1AA_20260426T093143_20260520T093142_VVP024_INT80_G_weF_FE23_vert_disp.tif,1144,2005,35.80451426747306,127.20085951034358,0.06657563149929047,0.06657563149929047,주의,융기 또는 상승 변위,98.5,0.06387754529714584
data/insar/S1AA_20260426T093143_20260520T093142_VVP024_INT80_G_weF_FE23_vert_disp.tif,1223,1879,35.74584214696309,127.09071503636578,0.06655799597501755,0.06655799597501755,주의,융기 또는 상승 변위,98.5,0.06387754529714584
data/insar/S1AA_20260426T093143_20260520T093142_VVP024_INT80_G_weF_FE23_vert_disp.tif,1211,1879,35.75449299421872,127.090508335649,0.06651388853788376,0.06651388853788376,주의,융기 또는 상승 변위,98.5,0.06387754529714584
data/insar/S1AA_20260426T093143_20260520T093142_VVP024_INT80_G_weF_FE23_vert_disp.tif,1188,1933,35.77182308538702,127.1378804507348,0.06647016108036041,0.06647016108036041,주의,융기 또는 상승 변위,98.5,0.06387754529714584
data/insar/S1AA_20260426T093143_20260520T093142_VVP024_INT80_G_weF_FE23_vert_disp.tif,1177,1944,35.77990357267382,127.14742728904422,0.06645151227712631,0.06645151227712631,주의,융기 또는 상승 변위,98.5,0.06387754529714584
data/insar/S1AA_20260426T093143_20260520T093142_VVP024_INT80_G_weF_FE23_vert_disp.tif,1051,1810,35.86884769446741,127.02663336271591,0.0664115771651268,0.0664115771651268,주의,융기 또는 상승 변위,98.5,0.06387754529714584
data/insar/S1AA_20260426T093143_20260520T093142_VVP024_INT80_G_weF_FE23_vert_disp.tif,1203,1850,35.759850133580464,127.06472121416229,0.06639087200164795,0.06639087200164795,주의,융기 또는 상승 변위,98.5,0.06387754529714584
data/insar/S1AA_20260426T093143_20260520T093142_VVP024_INT80_G_weF_FE23_vert_disp.tif,1168,1869,35.78535083150932,127.08091950799601,0.0663217082619667,0.0663217082619667,주의,융기 또는 상승 변위,98.5,0.06387754529714584
data/insar/S1AA_20260426T093143_20260520T093142_VVP024_INT80_G_weF_FE23_vert_disp.tif,1114,1990,35.825942885024794,127.18709263550295,0.06631021946668625,0.06631021946668625,주의,융기 또는 상승 변위,98.5,0.06387754529714584
data/insar/S1AA_20260426T093143_20260520T093142_VVP024_INT80_G_weF_FE23_vert_disp.tif,1114,1989,35.825929525289595,127.18620739235627,0.06631021946668625,0.06631021946668625,주의,융기 또는 상승 변위,98.5,0.06387754529714584
data/insar/S1AA_20260426T093143_20260520T093142_VVP024_INT80_G_weF_FE23_vert_disp.tif,1126,2027,35.81778124032368,127.22004025351886,0.06630096584558487,0.06630096584558487,주의,융기 또는 상승 변위,98.5,0.06387754529714584
data/insar/S1AA_20260426T093143_20260520T093142_VVP024_INT80_G_weF_FE23_vert_disp.tif,1164,1954,35.78941163225766,127.15605793457792,0.06629442423582077,0.06629442423582077,주의,융기 또는 상승 변위,98.5,0.06387754529714584
data/insar/S1AA_20260426T093143_20260520T093142_VVP024_INT80_G_weF_FE23_vert_disp.tif,1136,1976,35.80989478522817,127.17506241845412,0.06627074629068375,0.06627074629068375,주의,융기 또는 상승 변위,98.5,0.06387754529714584
data/insar/S1AA_20260426T093143_20260520T093142_VVP024_INT80_G_weF_FE23_vert_disp.tif,1170,1987,35.78553037293044,127.18535576918336,0.06622624397277832,0.06622624397277832,주의,융기 또는 상승 변위,98.5,0.06387754529714584
data/insar/S1AA_20260426T093143_20260520T093142_VVP024_INT80_G_weF_FE23_vert_disp.tif,1244,1871,35.730590672539954,127.08400345003743,0.06620023399591446,0.06620023399591446,주의,융기 또는 상승 변위,98.5,0.06387754529714584
data/insar/S1AA_20260426T093143_20260520T093142_VVP024_INT80_G_weF_FE23_vert_disp.tif,1213,1886,35.75314932851676,127.09673351504888,0.06616881489753723,0.06616881489753723,주의,융기 또는 상승 변위,98.5,0.06387754529714584
data/insar/S1AA_20260426T093143_20260520T093142_VVP024_INT80_G_weF_FE23_vert_disp.tif,1182,1865,35.77520175382821,127.0776236291621,0.06616555154323578,0.06616555154323578,주의,융기 또는 상승 변위,98.5,0.06387754529714584
data/insar/S1AA_20260426T093143_20260520T093142_VVP024_INT80_G_weF_FE23_vert_disp.tif,1150,2021,35.800399716539246,127.21511658362299,0.06614062935113907,0.06614062935113907,주의,융기 또는 상승 변위,98.5,0.06387754529714584
data/insar/S1AA_20260426T093143_20260520T093142_VVP024_INT80_G_weF_FE23_vert_disp.tif,1163,1955,35.79014612872968,127.15692610648838,0.06613198667764664,0.06613198667764664,주의,융기 또는 상승 변위,98.5,0.06387754529714584
data/insar/S1AA_20260426T093143_20260520T093142_VVP024_INT80_G_weF_FE23_vert_disp.tif,1125,2008,35.8182518926668,127.2032058992166,0.06603919714689255,0.06603919714689255,주의,융기 또는 상승 변위,98.5,0.06387754529714584
data/insar/S1AA_20260426T093143_20260520T093142_VVP024_INT80_G_weF_FE23_vert_disp.tif,1131,1981,35.81356656854335,127.17940541696382,0.06603099405765533,0.06603099405765533,주의,융기 또는 상승 변위,98.5,0.06387754529714584
data/insar/S1AA_20260426T093143_20260520T093142_VVP024_INT80_G_weF_FE23_vert_disp.tif,1123,1993,35.81949450226361,127.18989573406,0.06597438454627991,0.06597438454627991,주의,융기 또는 상승 변위,98.5,0.06387754529714584
data/insar/S1AA_20260426T093143_20260520T093142_VVP024_INT80_G_weF_FE23_vert_disp.tif,1154,2013,35.797410588179744,127.20810159214109,0.06595812737941742,0.06595812737941742,주의,융기 또는 상승 변위,98.5,0.06387754529714584
data/insar/S1AA_20260426T093143_20260520T093142_VVP024_INT80_G_weF_FE23_vert_disp.tif,1023,1838,35.88943703268086,127.05093688124845,0.06592117249965668,0.06592117249965668,주의,융기 또는 상승 변위,98.5,0.06387754529714584
data/insar/S1AA_20260426T093143_20260520T093142_VVP024_INT80_G_weF_FE23_vert_disp.tif,1227,1863,35.742733093204805,127.07663558958019,0.06590317189693451,0.06590317189693451,주의,융기 또는 상승 변위,98.5,0.06387754529714584
data/insar/S1AA_20260426T093143_20260520T093142_VVP024_INT80_G_weF_FE23_vert_disp.tif,1130,1983,35.81431430720387,127.18115917575624,0.0658784955739975,0.0658784955739975,주의,융기 또는 상승 변위,98.5,0.06387754529714584
data/insar/S1AA_20260426T093143_20260520T093142_VVP024_INT80_G_weF_FE23_vert_disp.tif,1225,1878,35.74438629605465,127.08986518693078,0.06586212664842606,0.06586212664842606,주의,융기 또는 상승 변위,98.5,0.06387754529714584
data/insar/S1AA_20260426T093143_20260520T093142_VVP024_INT80_G_weF_FE23_vert_disp.tif,1152,2008,35.798786431991275,127.20364444583024,0.0658610537648201,0.0658610537648201,주의,융기 또는 상승 변위,98.5,0.06387754529714584
data/insar/S1AA_20260426T093143_20260520T093142_VVP024_INT80_G_weF_FE23_vert_disp.tif,1019,1832,35.892234100040646,127.04555072131738,0.06583114713430405,0.06583114713430405,주의,융기 또는 상승 변위,98.5,0.06387754529714584
data/insar/S1AA_20260426T093143_20260520T093142_VVP024_INT80_G_weF_FE23_vert_disp.tif,1013,1819,35.896371239649795,127.03392698394758,0.06582579761743546,0.06582579761743546,주의,융기 또는 상승 변위,98.5,0.06387754529714584
data/insar/S1AA_20260426T093143_20260520T093142_VVP024_INT80_G_weF_FE23_vert_disp.tif,1213,1875,35.75299496363981,127.08700524924637,0.06582353264093399,0.06582353264093399,주의,융기 또는 상승 변위,98.5,0.06387754529714584
data/insar/S1AA_20260426T093143_20260520T093142_VVP024_INT80_G_weF_FE23_vert_disp.tif,1119,2007,35.82256430067502,127.20222317368797,0.06581661105155945,0.06581661105155945,주의,융기 또는 상승 변위,98.5,0.06387754529714584
data/insar/S1AA_20260426T093143_20260520T093142_VVP024_INT80_G_weF_FE23_vert_disp.tif,1119,2008,35.822577541383694,127.20310838728928,0.06581661105155945,0.06581661105155945,주의,융기 또는 상승 변위,98.5,0.06387754529714584
data/insar/S1AA_20260426T093143_20260520T093142_VVP024_INT80_G_weF_FE23_vert_disp.tif,1136,1984,35.81000209604558,127.18214291222776,0.06580707430839539,0.06580707430839539,주의,융기 또는 상승 변위,98.5,0.06387754529714584
data/insar/S1AA_20260426T093143_20260520T093142_VVP024_INT80_G_weF_FE23_vert_disp.tif,1160,1960,35.79237666688214,127.16130043337844,0.06580671668052673,0.06580671668052673,주의,융기 또는 상승 변위,98.5,0.06387754529714584
data/insar/S1AA_20260426T093143_20260520T093142_VVP024_INT80_G_weF_FE23_vert_disp.tif,1133,2013,35.81255043726561,127.20776139982844,0.06580070406198502,0.06580070406198502,주의,융기 또는 상승 변위,98.5,0.06387754529714584
data/insar/S1AA_20260426T093143_20260520T093142_VVP024_INT80_G_weF_FE23_vert_disp.tif,1200,1930,35.76313090742334,127.13542858700143,0.06580045074224472,0.06580045074224472,주의,융기 또는 상승 변위,98.5,0.06387754529714584
data/insar/S1AA_20260426T093143_20260520T093142_VVP024_INT80_G_weF_FE23_vert_disp.tif,1207,1840,35.756823904956065,127.05594693097486,0.06578593701124191,0.06578593701124191,주의,융기 또는 상승 변위,98.5,0.06387754529714584
data/insar/S1AA_20260426T093143_20260520T093142_VVP024_INT80_G_weF_FE23_vert_disp.tif,1189,1942,35.771225207570595,127.14585878425332,0.06576350331306458,0.06576350331306458,주의,융기 또는 상승 변위,98.5,0.06387754529714584
data/insar/S1AA_20260426T093143_20260520T093142_VVP024_INT80_G_weF_FE23_vert_disp.tif,1194,1849,35.766323914360186,127.06367948615896,0.06573185324668884,0.06573185324668884,주의,융기 또는 상승 변위,98.5,0.06387754529714584
data/insar/S1AA_20260426T093143_20260520T093142_VVP024_INT80_G_weF_FE23_vert_disp.tif,1240,1875,35.73353057329058,127.08747102904562,0.06571605801582336,0.06571605801582336,주의,융기 또는 상승 변위,98.5,0.06387754529714584
data/insar/S1AA_20260426T093143_20260520T093142_VVP024_INT80_G_weF_FE23_vert_disp.tif,1173,1948,35.782841755366576,127.15089934530178,0.06569036096334457,0.06569036096334457,주의,융기 또는 상승 변위,98.5,0.06387754529714584
data/insar/S1AA_20260426T093143_20260520T093142_VVP024_INT80_G_weF_FE23_vert_disp.tif,1219,1865,35.74852855789909,127.07826545878969,0.06567656248807907,0.06567656248807907,주의,융기 또는 상승 변위,98.5,0.06387754529714584
data/insar/S1AA_20260426T093143_20260520T093142_VVP024_INT80_G_weF_FE23_vert_disp.tif,1155,2005,35.79658389486328,127.20103837129177,0.06567095965147018,0.06567095965147018,주의,융기 또는 상승 변위,98.5,0.06387754529714584
data/insar/S1AA_20260426T093143_20260520T093142_VVP024_INT80_G_weF_FE23_vert_disp.tif,1216,1903,35.7512236084713,127.11181935879067,0.06566157937049866,0.06566157937049866,주의,융기 또는 상승 변위,98.5,0.06387754529714584
data/insar/S1AA_20260426T093143_20260520T093142_VVP024_INT80_G_weF_FE23_vert_disp.tif,1137,1990,35.80936136917206,127.18746969455047,0.06565522402524948,0.06565522402524948,주의,융기 또는 상승 변위,98.5,0.06387754529714584
data/insar/S1AA_20260426T093143_20260520T093142_VVP024_INT80_G_weF_FE23_vert_disp.tif,1204,1930,35.76024722261836,127.1354958978768,0.06563690304756165,0.06563690304756165,주의,융기 또는 상승 변위,98.5,0.06387754529714584
data/insar/S1AA_20260426T093143_20260520T093142_VVP024_INT80_G_weF_FE23_vert_disp.tif,1013,1861,35.89697485657855,127.0711373770188,0.06560667604207993,0.06560667604207993,주의,융기 또는 상승 변위,98.5,0.06387754529714584
data/insar/S1AA_20260426T093143_20260520T093142_VVP024_INT80_G_weF_FE23_vert_disp.tif,1177,1941,35.77986264285194,127.144773152386,0.06560216844081879,0.06560216844081879,주의,융기 또는 상승 변위,98.5,0.06387754529714584
data/insar/S1AA_20260426T093143_20260520T093142_VVP024_INT80_G_weF_FE23_vert_disp.tif,1078,1843,35.84986074115615,127.05633515320835,0.06558097153902054,0.06558097153902054,주의,융기 또는 상승 변위,98.5,0.06387754529714584
data/insar/S1AA_20260426T093143_20260520T093142_VVP024_INT80_G_weF_FE23_vert_disp.tif,1017,1794,35.89312306351601,127.01185059344077,0.06556058675050735,0.06556058675050735,주의,융기 또는 상승 변위,98.5,0.06387754529714584
data/insar/S1AA_20260426T093143_20260520T093142_VVP024_INT80_G_weF_FE23_vert_disp.tif,1191,1938,35.7697287407831,127.1423538664106,0.06552579253911972,0.06552579253911972,주의,융기 또는 상승 변위,98.5,0.06387754529714584
data/insar/S1AA_20260426T093143_20260520T093142_VVP024_INT80_G_weF_FE23_vert_disp.tif,1017,1798,35.893181694023895,127.01539420062758,0.0655214712023735,0.0655214712023735,주의,융기 또는 상승 변위,98.5,0.06387754529714584
data/insar/S1AA_20260426T093143_20260520T093142_VVP024_INT80_G_weF_FE23_vert_disp.tif,1173,1990,35.7834075932672,127.18805925592731,0.06551763415336609,0.06551763415336609,주의,융기 또는 상승 변위,98.5,0.06387754529714584
data/insar/S1AA_20260426T093143_20260520T093142_VVP024_INT80_G_weF_FE23_vert_disp.tif,1207,1857,35.75706604142306,127.07098200117474,0.06543585658073425,0.06543585658073425,주의,융기 또는 상승 변위,98.5,0.06387754529714584
data/insar/S1AA_20260426T093143_20260520T093142_VVP024_INT80_G_weF_FE23_vert_disp.tif,1169,1975,35.78609056325972,127.17472179199554,0.06542579084634781,0.06542579084634781,주의,융기 또는 상승 변위,98.5,0.06387754529714584
data/insar/S1AA_20260426T093143_20260520T093142_VVP024_INT80_G_weF_FE23_vert_disp.tif,1235,1865,35.736994163099844,127.07854274564346,0.06540805846452713,0.06540805846452713,주의,융기 또는 상승 변위,98.5,0.06387754529714584
data/insar/S1AA_20260426T093143_20260520T093142_VVP024_INT80_G_weF_FE23_vert_disp.tif,1210,1915,35.75571527203078,127.12233028925563,0.06540209800004959,0.06540209800004959,주의,융기 또는 상승 변위,98.5,0.06387754529714584
data/insar/S1AA_20260426T093143_20260520T093142_VVP024_INT80_G_weF_FE23_vert_disp.tif,1234,1863,35.737686798400134,127.07675699896801,0.06540196388959885,0.06540196388959885,주의,융기 또는 상승 변위,98.5,0.06387754529714584
data/insar/S1AA_20260426T093143_20260520T093142_VVP024_INT80_G_weF_FE23_vert_disp.tif,1111,1990,35.82810568780697,127.18704343117624,0.06539840251207352,0.06539840251207352,주의,융기 또는 상승 변위,98.5,0.06387754529714584
data/insar/S1AA_20260426T093143_20260520T093142_VVP024_INT80_G_weF_FE23_vert_disp.tif,1136,1985,35.81001548059536,127.18302797657925,0.06537520885467529,0.06537520885467529,주의,융기 또는 상승 변위,98.5,0.06387754529714584
data/insar/S1AA_20260426T093143_20260520T093142_VVP024_INT80_G_weF_FE23_vert_disp.tif,1193,1850,35.767059046983285,127.06454653564592,0.06536033004522324,0.06536033004522324,주의,융기 또는 상승 변위,98.5,0.06387754529714584
data/insar/S1AA_20260426T093143_20260520T093142_VVP024_INT80_G_weF_FE23_vert_disp.tif,1136,2032,35.81063720901217,127.22462665432856,0.06533797085285187,0.06533797085285187,주의,융기 또는 상승 변위,98.5,0.06387754529714584
data/insar/S1AA_20260426T093143_20260520T093142_VVP024_INT80_G_weF_FE23_vert_disp.tif,1156,2008,35.7959026542716,127.20370937993997,0.06533729285001755,0.06533729285001755,주의,융기 또는 상승 변위,98.5,0.06387754529714584
data/insar/S1AA_20260426T093143_20260520T093142_VVP024_INT80_G_weF_FE23_vert_disp.tif,1156,2007,35.79588942646979,127.20282446202083,0.06533729285001755,0.06533729285001755,주의,융기 또는 상승 변위,98.5,0.06387754529714584
data/insar/S1AA_20260426T093143_20260520T093142_VVP024_INT80_G_weF_FE23_vert_disp.tif,1223,1885,35.745926265324215,127.09602089071673,0.06530089676380157,0.06530089676380157,주의,융기 또는 상승 변위,98.5,0.06387754529714584
data/insar/S1AA_20260426T093143_20260520T093142_VVP024_INT80_G_weF_FE23_vert_disp.tif,1124,1996,35.81881353685983,127.19256760338763,0.06528109312057495,0.06528109312057495,주의,융기 또는 상승 변위,98.5,0.06387754529714584
data/insar/S1AA_20260426T093143_20260520T093142_VVP024_INT80_G_weF_FE23_vert_disp.tif,1205,1928,35.75949885929758,127.1337437623469,0.06524617969989777,0.06524617969989777,주의,융기 또는 상승 변위,98.5,0.06387754529714584
data/insar/S1AA_20260426T093143_20260520T093142_VVP024_INT80_G_weF_FE23_vert_disp.tif,1205,1927,35.75948512860602,127.13285928236658,0.06524617969989777,0.06524617969989777,주의,융기 또는 상승 변위,98.5,0.06387754529714584
data/insar/S1AA_20260426T093143_20260520T093142_VVP024_INT80_G_weF_FE23_vert_disp.tif,1110,1990,35.82882662188135,127.18702702856892,0.06522447615861893,0.06522447615861893,주의,융기 또는 상승 변위,98.5,0.06387754529714584
data/insar/S1AA_20260426T093143_20260520T093142_VVP024_INT80_G_weF_FE23_vert_disp.tif,1160,1954,35.79229533665701,127.15599129439013,0.06520214676856995,0.06520214676856995,주의,융기 또는 상승 변위,98.5,0.06387754529714584
data/insar/S1AA_20260426T093143_20260520T093142_VVP024_INT80_G_weF_FE23_vert_disp.tif,1214,1888,35.7524564034601,127.0985194540836,0.0652000904083252,0.0652000904083252,주의,융기 또는 상승 변위,98.5,0.06387754529714584
data/insar/S1AA_20260426T093143_20260520T093142_VVP024_INT80_G_weF_FE23_vert_disp.tif,1128,1981,35.815729366555104,127.17935602651987,0.06519189476966858,0.06519189476966858,주의,융기 또는 상승 변위,98.5,0.06387754529714584
data/insar/S1AA_20260426T093143_20260520T093142_VVP024_INT80_G_weF_FE23_vert_disp.tif,1210,1841,35.75467553343253,127.05688394104794,0.0651744082570076,0.0651744082570076,주의,융기 또는 상승 변위,98.5,0.06387754529714584
data/insar/S1AA_20260426T093143_20260520T093142_VVP024_INT80_G_weF_FE23_vert_disp.tif,1124,2023,35.81917063711728,127.21646732209811,0.06517265737056732,0.06517265737056732,주의,융기 또는 상승 변위,98.5,0.06387754529714584
data/insar/S1AA_20260426T093143_20260520T093142_VVP024_INT80_G_weF_FE23_vert_disp.tif,1174,1948,35.78212083034307,127.15091604642583,0.06516009569168091,0.06516009569168091,주의,융기 또는 상승 변위,98.5,0.06387754529714584
data/insar/S1AA_20260426T093143_20260520T093142_VVP024_INT80_G_weF_FE23_vert_disp.tif,1142,2005,35.805956152192536,127.20082698266299,0.0651591494679451,0.0651591494679451,주의,융기 또는 상승 변위,98.5,0.06387754529714584
data/insar/S1AA_20260426T093143_20260520T093142_VVP024_INT80_G_weF_FE23_vert_disp.tif,1142,2004,35.80594289997521,127.19994195464186,0.0651591494679451,0.0651591494679451,주의,융기 또는 상승 변위,98.5,0.06387754529714584
data/insar/S1AA_20260426T093143_20260520T093142_VVP024_INT80_G_weF_FE23_vert_disp.tif,1173,1962,35.783031642998345,127.16328586695475,0.0651530995965004,0.0651530995965004,주의,융기 또는 상승 변위,98.5,0.06387754529714584
data/insar/S1AA_20260426T093143_20260520T093142_VVP024_INT80_G_weF_FE23_vert_disp.tif,1219,1860,35.74845781852057,127.07384381401889,0.06513101607561111,0.06513101607561111,주의,융기 또는 상승 변위,98.5,0.06387754529714584
data/insar/S1AA_20260426T093143_20260520T093142_VVP024_INT80_G_weF_FE23_vert_disp.tif,1177,1950,35.77998525670669,127.15273557839645,0.06512688845396042,0.06512688845396042,주의,융기 또는 상승 변위,98.5,0.06387754529714584
data/insar/S1AA_20260426T093143_20260520T093142_VVP024_INT80_G_weF_FE23_vert_disp.tif,1211,1839,35.75392605021779,127.05513271536792,0.06511012464761734,0.06511012464761734,주의,융기 또는 상승 변위,98.5,0.06387754529714584
data/insar/S1AA_20260426T093143_20260520T093142_VVP024_INT80_G_weF_FE23_vert_disp.tif,1195,1867,35.76585837320809,127.0796182776953,0.06508831679821014,0.06508831679821014,주의,융기 또는 상승 변위,98.5,0.06387754529714584
data/insar/S1AA_20260426T093143_20260520T093142_VVP024_INT80_G_weF_FE23_vert_disp.tif,1012,1818,35.89707758915542,127.03302319569102,0.0650831088423729,0.0650831088423729,주의,융기 또는 상승 변위,98.5,0.06387754529714584
data/insar/S1AA_20260426T093143_20260520T093142_VVP024_INT80_G_weF_FE23_vert_disp.tif,1219,1875,35.74866954947137,127.08710879446828,0.06505758315324783,0.06505758315324783,주의,융기 또는 상승 변위,98.5,0.06387754529714584
data/insar/S1AA_20260426T093143_20260520T093142_VVP024_INT80_G_weF_FE23_vert_disp.tif,1167,1869,35.786071727088746,127.08090217282883,0.0650506541132927,0.0650506541132927,주의,융기 또는 상승 변위,98.5,0.06387754529714584
data/insar/S1AA_20260426T093143_20260520T093142_VVP024_INT80_G_weF_FE23_vert_disp.tif,1128,1979,35.81570253319332,127.17758577519672,0.06504537165164948,0.06504537165164948,주의,융기 또는 상승 변위,98.5,0.06387754529714584
data/insar/S1AA_20260426T093143_20260520T093142_VVP024_INT80_G_weF_FE23_vert_disp.tif,1069,1831,35.856176191491976,127.04555060916978,0.06503324955701828,0.06503324955701828,주의,융기 또는 상승 변위,98.5,0.06387754529714584
data/insar/S1AA_20260426T093143_20260520T093142_VVP024_INT80_G_weF_FE23_vert_disp.tif,1209,1888,35.75606093720363,127.09843367051342,0.06498491019010544,0.06498491019010544,주의,융기 또는 상승 변위,98.5,0.06387754529714584
data/insar/S1AA_20260426T093143_20260520T093142_VVP024_INT80_G_weF_FE23_vert_disp.tif,1097,1878,35.836661280159326,127.08765496647301,0.06497751921415329,0.06497751921415329,주의,융기 또는 상승 변위,98.5,0.06387754529714584
data/insar/S1AA_20260426T093143_20260520T093142_VVP024_INT80_G_weF_FE23_vert_disp.tif,1221,1884,35.747354074348294,127.09510221577736,0.0649099200963974,0.0649099200963974,주의,융기 또는 상승 변위,98.5,0.06387754529714584
data/insar/S1AA_20260426T093143_20260520T093142_VVP024_INT80_G_weF_FE23_vert_disp.tif,1193,1852,35.76708751164592,127.06631559371176,0.06487299501895905,0.06487299501895905,주의,융기 또는 상승 변위,98.5,0.06387754529714584
data/insar/S1AA_20260426T093143_20260520T093142_VVP024_INT80_G_weF_FE23_vert_disp.tif,1233,1872,35.73853468960633,127.08469764151768,0.0648668110370636,0.0648668110370636,주의,융기 또는 상승 변위,98.5,0.06387754529714584
data/insar/S1AA_20260426T093143_20260520T093142_VVP024_INT80_G_weF_FE23_vert_disp.tif,1152,1854,35.79667245852177,127.06736913183894,0.06483977288007736,0.06483977288007736,주의,융기 또는 상승 변위,98.5,0.06387754529714584
data/insar/S1AA_20260426T093143_20260520T093142_VVP024_INT80_G_weF_FE23_vert_disp.tif,1200,1932,35.7631583269282,127.13719763086034,0.06481599807739258,0.06481599807739258,주의,융기 또는 상승 변위,98.5,0.06387754529714584
data/insar/S1AA_20260426T093143_20260520T093142_VVP024_INT80_G_weF_FE23_vert_disp.tif,1200,1931,35.76314462042575,127.13631310863221,0.06481599807739258,0.06481599807739258,주의,융기 또는 상승 변위,98.5,0.06387754529714584
data/insar/S1AA_20260426T093143_20260520T093142_VVP024_INT80_G_weF_FE23_vert_disp.tif,1199,1936,35.76393401107288,127.14071894436186,0.06480671465396881,0.06480671465396881,주의,융기 또는 상승 변위,98.5,0.06387754529714584
data/insar/S1AA_20260426T093143_20260520T093142_VVP024_INT80_G_weF_FE23_vert_disp.tif,1013,1854,35.89687505378076,127.06493556815649,0.06478674709796906,0.06478674709796906,주의,융기 또는 상승 변위,98.5,0.06387754529714584
data/insar/S1AA_20260426T093143_20260520T093142_VVP024_INT80_G_weF_FE23_vert_disp.tif,1196,1934,35.76606940952499,127.13889948423255,0.06478419154882431,0.06478419154882431,주의,융기 또는 상승 변위,98.5,0.06387754529714584
data/insar/S1AA_20260426T093143_20260520T093142_VVP024_INT80_G_weF_FE23_vert_disp.tif,1166,1955,35.787983348656795,127.1569760582438,0.06478356570005417,0.06478356570005417,주의,융기 또는 상승 변위,98.5,0.06387754529714584
data/insar/S1AA_20260426T093143_20260520T093142_VVP024_INT80_G_weF_FE23_vert_disp.tif,1126,1992,35.81731835699216,127.18905969652687,0.06475304812192917,0.06475304812192917,주의,융기 또는 상승 변위,98.5,0.06387754529714584
data/insar/S1AA_20260426T093143_20260520T093142_VVP024_INT80_G_weF_FE23_vert_disp.tif,1210,1854,35.75486076642654,127.0683810288736,0.064750075340271,0.064750075340271,주의,융기 또는 상승 변위,98.5,0.06387754529714584
data/insar/S1AA_20260426T093143_20260520T093142_VVP024_INT80_G_weF_FE23_vert_disp.tif,1172,1960,35.78372552347685,127.16149975082031,0.06468944996595383,0.06468944996595383,주의,융기 또는 상승 변위,98.5,0.06387754529714584
data/insar/S1AA_20260426T093143_20260520T093142_VVP024_INT80_G_weF_FE23_vert_disp.tif,1206,1889,35.7582376401005,127.09926664152239,0.0646730288863182,0.0646730288863182,주의,융기 또는 상승 변위,98.5,0.06387754529714584
data/insar/S1AA_20260426T093143_20260520T093142_VVP024_INT80_G_weF_FE23_vert_disp.tif,1135,2002,35.81096296225506,127.1980578674425,0.06467263400554657,0.06467263400554657,주의,융기 또는 상승 변위,98.5,0.06387754529714584
data/insar/S1AA_20260426T093143_20260520T093142_VVP024_INT80_G_weF_FE23_vert_disp.tif,1177,1971,35.78026930686812,127.17131475870232,0.06462468951940536,0.06462468951940536,주의,융기 또는 상승 변위,98.5,0.06387754529714584
data/insar/S1AA_20260426T093143_20260520T093142_VVP024_INT80_G_weF_FE23_vert_disp.tif,1016,1794,35.89384391641828,127.01183256341275,0.06460539996623993,0.06460539996623993,주의,융기 또는 상승 변위,98.5,0.06387754529714584
data/insar/S1AA_20260426T093143_20260520T093142_VVP024_INT80_G_weF_FE23_vert_disp.tif,1141,1980,35.80634382694991,127.1786849917132,0.06458167731761932,0.06458167731761932,주의,융기 또는 상승 변위,98.5,0.06387754529714584
data/insar/S1AA_20260426T093143_20260520T093142_VVP024_INT80_G_weF_FE23_vert_disp.tif,1138,1855,35.806779118750555,127.06800953851251,0.06457909196615219,0.06457909196615219,주의,융기 또는 상승 변위,98.5,0.06387754529714584
data/insar/S1AA_20260426T093143_20260520T093142_VVP024_INT80_G_weF_FE23_vert_disp.tif,1205,1866,35.75863526724256,127.07890714585722,0.06456974893808365,0.06456974893808365,주의,융기 또는 상승 변위,98.5,0.06387754529714584
data/insar/S1AA_20260426T093143_20260520T093142_VVP024_INT80_G_weF_FE23_vert_disp.tif,1180,1977,35.7781871297322,127.17667254387409,0.0645231157541275,0.0645231157541275,주의,융기 또는 상승 변위,98.5,0.06387754529714584
data/insar/S1AA_20260426T093143_20260520T093142_VVP024_INT80_G_weF_FE23_vert_disp.tif,1213,1852,35.752669660432545,127.06666456994184,0.0644868016242981,0.0644868016242981,주의,융기 또는 상승 변위,98.5,0.06387754529714584
data/insar/S1AA_20260426T093143_20260520T093142_VVP024_INT80_G_weF_FE23_vert_disp.tif,1205,1854,35.75846523509286,127.06829387844182,0.06445125490427017,0.06445125490427017,주의,융기 또는 상승 변위,98.5,0.06387754529714584
data/insar/S1AA_20260426T093143_20260520T093142_VVP024_INT80_G_weF_FE23_vert_disp.tif,1205,1853,35.758451023509636,127.06740944350763,0.06445125490427017,0.06445125490427017,주의,융기 또는 상승 변위,98.5,0.06387754529714584
data/insar/S1AA_20260426T093143_20260520T093142_VVP024_INT80_G_weF_FE23_vert_disp.tif,1137,2030,35.80989009509562,127.22287253976242,0.06443218886852264,0.06443218886852264,주의,융기 또는 상승 변위,98.5,0.06387754529714584
data/insar/S1AA_20260426T093143_20260520T093142_VVP024_INT80_G_weF_FE23_vert_disp.tif,1212,1859,35.75348992564902,127.07283778978211,0.0644240528345108,0.0644240528345108,주의,융기 또는 상승 변위,98.5,0.06387754529714584
data/insar/S1AA_20260426T093143_20260520T093142_VVP024_INT80_G_weF_FE23_vert_disp.tif,1226,1858,35.74338320082315,127.07219688306064,0.06439856439828873,0.06439856439828873,주의,융기 또는 상승 변위,98.5,0.06387754529714584
data/insar/S1AA_20260426T093143_20260520T093142_VVP024_INT80_G_weF_FE23_vert_disp.tif,1193,1869,35.767328411510796,127.08135268715425,0.06436026096343994,0.06436026096343994,주의,융기 또는 상승 변위,98.5,0.06387754529714584
data/insar/S1AA_20260426T093143_20260520T093142_VVP024_INT80_G_weF_FE23_vert_disp.tif,1099,1877,35.835205400402984,127.08680428241905,0.06433612108230591,0.06433612108230591,주의,융기 또는 상승 변위,98.5,0.06387754529714584
data/insar/S1AA_20260426T093143_20260520T093142_VVP024_INT80_G_weF_FE23_vert_disp.tif,1112,1985,35.827317886284234,127.18263354331877,0.0643327385187149,0.0643327385187149,주의,융기 또는 상승 변위,98.5,0.06387754529714584
data/insar/S1AA_20260426T093143_20260520T093142_VVP024_INT80_G_weF_FE23_vert_disp.tif,1198,1838,35.76328328007349,127.05402006474809,0.06432796269655228,0.06432796269655228,주의,융기 또는 상승 변위,98.5,0.06387754529714584
data/insar/S1AA_20260426T093143_20260520T093142_VVP024_INT80_G_weF_FE23_vert_disp.tif,1122,1995,35.82024209372105,127.19164972601268,0.06431741267442703,0.06431741267442703,주의,융기 또는 상승 변위,98.5,0.06387754529714584
data/insar/S1AA_20260426T093143_20260520T093142_VVP024_INT80_G_weF_FE23_vert_disp.tif,1164,1851,35.78797908916447,127.06492437704468,0.06429821997880936,0.06429821997880936,주의,융기 또는 상승 변위,98.5,0.06387754529714584
data/insar/S1AA_20260426T093143_20260520T093142_VVP024_INT80_G_weF_FE23_vert_disp.tif,1236,1866,35.736287384681525,127.07944426627382,0.06429170072078705,0.06429170072078705,주의,융기 또는 상승 변위,98.5,0.06387754529714584
data/insar/S1AA_20260426T093143_20260520T093142_VVP024_INT80_G_weF_FE23_vert_disp.tif,1165,1966,35.78885311070513,127.16669241336359,0.06428702175617218,0.06428702175617218,주의,융기 또는 상승 변위,98.5,0.06387754529714584
data/insar/S1AA_20260426T093143_20260520T093142_VVP024_INT80_G_weF_FE23_vert_disp.tif,1118,1985,35.82299228989448,127.18273218315612,0.06427989900112152,0.06427989900112152,주의,융기 또는 상승 변위,98.5,0.06387754529714584
data/insar/S1AA_20260426T093143_20260520T093142_VVP024_INT80_G_weF_FE23_vert_disp.tif,1177,1945,35.77991720293961,127.14831200245241,0.06427831202745438,0.06427831202745438,주의,융기 또는 상승 변위,98.5,0.06387754529714584
data/insar/S1AA_20260426T093143_20260520T093142_VVP024_INT80_G_weF_FE23_vert_disp.tif,1176,1950,35.780706182727556,127.15271889500995,0.06427644938230515,0.06427644938230515,주의,융기 또는 상승 변위,98.5,0.06387754529714584
data/insar/S1AA_20260426T093143_20260520T093142_VVP024_INT80_G_weF_FE23_vert_disp.tif,1129,1981,35.81500843397774,127.17937249058592,0.06425025314092636,0.06425025314092636,주의,융기 또는 상승 변위,98.5,0.06387754529714584
data/insar/S1AA_20260426T093143_20260520T093142_VVP024_INT80_G_weF_FE23_vert_disp.tif,1021,1845,35.890979286263516,127.0571028236702,0.06422455608844757,0.06422455608844757,주의,융기 또는 상승 변위,98.5,0.06387754529714584
data/insar/S1AA_20260426T093143_20260520T093142_VVP024_INT80_G_weF_FE23_vert_disp.tif,1154,2015,35.79743696056184,127.2098714674102,0.06422027200460434,0.06422027200460434,주의,융기 또는 상승 변위,98.5,0.06387754529714584
data/insar/S1AA_20260426T093143_20260520T093142_VVP024_INT80_G_weF_FE23_vert_disp.tif,1154,2014,35.7974237776253,127.2089865294882,0.06422027200460434,0.06422027200460434,주의,융기 또는 상승 변위,98.5,0.06387754529714584
data/insar/S1AA_20260426T093143_20260520T093142_VVP024_INT80_G_weF_FE23_vert_disp.tif,1143,2007,35.80526169408306,127.2026132885871,0.06419644504785538,0.06419644504785538,주의,융기 또는 상승 변위,98.5,0.06387754529714584
data/insar/S1AA_20260426T093143_20260520T093142_VVP024_INT80_G_weF_FE23_vert_disp.tif,1143,2008,35.80527492641875,127.20349831035033,0.06419644504785538,0.06419644504785538,주의,융기 또는 상승 변위,98.5,0.06387754529714584
data/insar/S1AA_20260426T093143_20260520T093142_VVP024_INT80_G_weF_FE23_vert_disp.tif,1143,1982,35.80492876971951,127.1804879327904,0.06419452279806137,0.06419452279806137,주의,융기 또는 상승 변위,98.5,0.06387754529714584
data/insar/S1AA_20260426T093143_20260520T093142_VVP024_INT80_G_weF_FE23_vert_disp.tif,1024,1835,35.8886729907241,127.0482969399515,0.06416758894920349,0.06416758894920349,주의,융기 또는 상승 변위,98.5,0.06387754529714584
data/insar/S1AA_20260426T093143_20260520T093142_VVP024_INT80_G_weF_FE23_vert_disp.tif,1013,1821,35.89640024453878,127.03569888226232,0.06415305286645889,0.06415305286645889,주의,융기 또는 상승 변위,98.5,0.06387754529714584
data/insar/S1AA_20260426T093143_20260520T093142_VVP024_INT80_G_weF_FE23_vert_disp.tif,1197,1839,35.76401847891988,127.05488699030836,0.06414507329463959,0.06414507329463959,주의,융기 또는 상승 변위,98.5,0.06387754529714584
data/insar/S1AA_20260426T093143_20260520T093142_VVP024_INT80_G_weF_FE23_vert_disp.tif,1152,1960,35.79814408835408,127.16116750788363,0.06412061303853989,0.06412061303853989,주의,융기 또는 상승 변위,98.5,0.06387754529714584
data/insar/S1AA_20260426T093143_20260520T093142_VVP024_INT80_G_weF_FE23_vert_disp.tif,1226,1857,35.743369023086885,127.07131261294037,0.06410741806030273,0.06410741806030273,주의,융기 또는 상승 변위,98.5,0.06387754529714584
data/insar/S1AA_20260426T093143_20260520T093142_VVP024_INT80_G_weF_FE23_vert_disp.tif,1157,2013,35.79524774924827,127.20815017033337,0.06406935304403305,0.06406935304403305,주의,융기 또는 상승 변위,98.5,0.06387754529714584
data/insar/S1AA_20260426T093143_20260520T093142_VVP024_INT80_G_weF_FE23_vert_disp.tif,1157,2012,35.795234554337334,127.2072652575206,0.06406935304403305,0.06406935304403305,주의,융기 또는 상승 변위,98.5,0.06387754529714584
data/insar/S1AA_20260426T093143_20260520T093142_VVP024_INT80_G_weF_FE23_vert_disp.tif,1129,2010,35.81539457989395,127.20504116465354,0.06406782567501068,0.06406782567501068,주의,융기 또는 상승 변위,98.5,0.06387754529714584
data/insar/S1AA_20260426T093143_20260520T093142_VVP024_INT80_G_weF_FE23_vert_disp.tif,1169,1965,35.78595589078958,127.1658738689152,0.06405969709157944,0.06405969709157944,주의,융기 또는 상승 변위,98.5,0.06387754529714584
data/insar/S1AA_20260426T093143_20260520T093142_VVP024_INT80_G_weF_FE23_vert_disp.tif,1129,1986,35.81507540163931,127.18379808915472,0.06405122578144073,0.06405122578144073,주의,융기 또는 상승 변위,98.5,0.06387754529714584
data/insar/S1AA_20260426T093143_20260520T093142_VVP024_INT80_G_weF_FE23_vert_disp.tif,1024,1834,35.888658587144874,127.04741106988145,0.06404826790094376,0.06404826790094376,주의,융기 또는 상승 변위,98.5,0.06387754529714584
data/insar/S1AA_20260426T093143_20260520T093142_VVP024_INT80_G_weF_FE23_vert_disp.tif,1181,1993,35.77768004057883,127.19084429452708,0.06404179334640503,0.06404179334640503,주의,융기 또는 상승 변위,98.5,0.06387754529714584
data/insar/S1AA_20260426T093143_20260520T093142_VVP024_INT80_G_weF_FE23_vert_disp.tif,1158,2014,35.79453999080659,127.20905126731591,0.0639713853597641,0.0639713853597641,주의,융기 또는 상승 변위,98.5,0.06387754529714584
data/insar/S1AA_20260426T093143_20260520T093142_VVP024_INT80_G_weF_FE23_vert_disp.tif,1164,1883,35.78843154150219,127.0932370245402,0.06395269185304642,0.06395269185304642,주의,융기 또는 상승 변위,98.5,0.06387754529714584
data/insar/S1AA_20260426T093143_20260520T093142_VVP024_INT80_G_weF_FE23_vert_disp.tif,1211,1855,35.754154075249005,127.06928284484728,0.06393817812204361,0.06393817812204361,주의,융기 또는 상승 변위,98.5,0.06387754529714584
data/insar/S1AA_20260426T093143_20260520T093142_VVP024_INT80_G_weF_FE23_vert_disp.tif,1160,2015,35.793111277690855,127.20996852278684,0.06391878426074982,0.06391878426074982,주의,융기 또는 상승 변위,98.5,0.06387754529714584
data/insar/S1AA_20260426T093143_20260520T093142_VVP024_INT80_G_weF_FE23_vert_disp.tif,1222,1880,35.74657708775223,127.09158213016609,0.06390859931707382,0.06390859931707382,주의,융기 또는 상승 변위,98.5,0.06387754529714584
