latitude,longitude,elevation_m,local_mean_elevation_m,relative_depression_m,slope_proxy_m,low_threshold_m,very_low_threshold_m,lowland_flood_score,lowland_flood_reason,lowland_flood_level
35.85663965115517,126.95955276489259,10.0,18.069971084594727,8.069971084594727,1.0,27.0,13.0,78.88593451388931,"해당 지점 고도 10.0m, 주변 평균 대비 8.1m 낮음. 상대적으로 낮고 완만한 지형일수록 폭우 때 빗물이 모이거나 배수가 지연될 수 있습니다.",매우 높음
35.903373209688425,127.12297439575195,8.0,14.268221855163574,6.268221855163574,1.0,27.0,13.0,78.6331388801434,"해당 지점 고도 8.0m, 주변 평균 대비 6.3m 낮음. 상대적으로 낮고 완만한 지형일수록 폭우 때 빗물이 모이거나 배수가 지연될 수 있습니다.",매우 높음
35.76308985263032,126.95955276489259,5.0,11.59350299835205,6.593502998352051,2.0,27.0,13.0,78.5165179806969,"해당 지점 고도 5.0m, 주변 평균 대비 6.6m 낮음. 상대적으로 낮고 완만한 지형일수록 폭우 때 빗물이 모이거나 배수가 지연될 수 있습니다.",매우 높음
35.8722205675616,126.97877883911133,8.0,17.210744857788086,9.210744857788086,3.0,27.0,13.0,78.51441699709478,"해당 지점 고도 8.0m, 주변 평균 대비 9.2m 낮음. 상대적으로 낮고 완만한 지형일수록 폭우 때 빗물이 모이거나 배수가 지연될 수 있습니다.",매우 높음
35.848848044356686,127.00761795043947,8.0,14.598084449768066,6.598084449768066,2.0,27.0,13.0,78.33772225862816,"해당 지점 고도 8.0m, 주변 평균 대비 6.6m 낮음. 상대적으로 낮고 완만한 지형일수록 폭우 때 빗물이 모이거나 배수가 지연될 수 있습니다.",매우 높음
35.942296774158116,127.03645706176756,10.0,14.8558931350708,4.855893135070801,1.0,27.0,13.0,78.22122268399355,"해당 지점 고도 10.0m, 주변 평균 대비 4.9m 낮음. 상대적으로 낮고 완만한 지형일수록 폭우 때 빗물이 모이거나 배수가 지연될 수 있습니다.",매우 높음
35.93451359391221,126.95955276489259,10.0,14.737608909606934,4.737608909606934,1.0,27.0,13.0,78.19676001532444,"해당 지점 고도 10.0m, 주변 평균 대비 4.7m 낮음. 상대적으로 낮고 완만한 지형일수록 폭우 때 빗물이 모이거나 배수가 지연될 수 있습니다.",매우 높음
35.825468630406455,126.96916580200197,11.0,17.77592658996582,6.77592658996582,2.0,27.0,13.0,78.19475903076079,"해당 지점 고도 11.0m, 주변 평균 대비 6.8m 낮음. 상대적으로 낮고 완만한 지형일수록 폭우 때 빗물이 모이거나 배수가 지연될 수 있습니다.",매우 높음
35.84105567191978,126.95955276489259,7.0,12.383589744567871,5.383589744567871,2.0,27.0,13.0,78.14646385420507,"해당 지점 고도 7.0m, 주변 평균 대비 5.4m 낮음. 상대적으로 낮고 완만한 지형일수록 폭우 때 빗물이 모이거나 배수가 지연될 수 있습니다.",매우 높음
35.8722205675616,127.06529617309569,10.0,16.030820846557617,6.030820846557617,2.0,27.0,13.0,78.10057617977031,"해당 지점 고도 10.0m, 주변 평균 대비 6.0m 낮음. 상대적으로 낮고 완만한 지형일수록 폭우 때 빗물이 모이거나 배수가 지연될 수 있습니다.",매우 높음
35.80987852716727,126.95955276489259,8.0,13.394002914428711,5.394002914428711,2.0,27.0,13.0,78.0887030209903,"해당 지점 고도 8.0m, 주변 평균 대비 5.4m 낮음. 상대적으로 낮고 완만한 지형일수록 폭우 때 빗물이 모이거나 배수가 지연될 수 있습니다.",매우 높음
35.825468630406455,126.95955276489259,10.0,15.624322891235352,5.624322891235352,2.0,27.0,13.0,78.01650727914792,"해당 지점 고도 10.0m, 주변 평균 대비 5.6m 낮음. 상대적으로 낮고 완만한 지형일수록 폭우 때 빗물이 모이거나 배수가 지연될 수 있습니다.",매우 높음
35.918944934311824,126.98839187622069,4.0,5.914618968963623,1.914618968963623,1.0,27.0,13.0,77.97241656283296,"해당 지점 고도 4.0m, 주변 평균 대비 1.9m 낮음. 상대적으로 낮고 완만한 지형일수록 폭우 때 빗물이 모이거나 배수가 지연될 수 있습니다.",매우 높음
35.88000987703203,127.04607009887695,7.0,11.293627738952637,4.293627738952637,2.0,27.0,13.0,77.9210459736659,"해당 지점 고도 7.0m, 주변 평균 대비 4.3m 낮음. 상대적으로 낮고 완만한 지형일수록 폭우 때 빗물이 모이거나 배수가 지연될 수 있습니다.",매우 높음
35.80987852716727,126.96916580200197,12.0,15.890878677368164,3.890878677368164,1.0,27.0,13.0,77.9018167152126,"해당 지점 고도 12.0m, 주변 평균 대비 3.9m 낮음. 상대적으로 낮고 완만한 지형일수록 폭우 때 빗물이 모이거나 배수가 지연될 수 있습니다.",매우 높음
35.895586198164004,126.96916580200197,7.0,9.22323989868164,2.2232398986816406,1.0,27.0,13.0,77.85650003696188,"해당 지점 고도 7.0m, 주변 평균 대비 2.2m 낮음. 상대적으로 낮고 완만한 지형일수록 폭우 때 빗물이 모이거나 배수가 지연될 수 있습니다.",매우 높음
35.92672964727403,126.97877883911133,6.0,7.903373718261719,1.9033737182617188,1.0,27.0,13.0,77.85026208727656,"해당 지점 고도 6.0m, 주변 평균 대비 1.9m 낮음. 상대적으로 낮고 완만한 지형일수록 폭우 때 빗물이 모이거나 배수가 지연될 수 있습니다.",매우 높음
35.895586198164004,126.97877883911133,5.0,6.533944129943848,1.5339441299438477,1.0,27.0,13.0,77.83377380014545,"해당 지점 고도 5.0m, 주변 평균 대비 1.5m 낮음. 상대적으로 낮고 완만한 지형일수록 폭우 때 빗물이 모이거나 배수가 지연될 수 있습니다.",매우 높음
35.88779842058902,127.00761795043947,6.0,7.470220565795898,1.4702205657958984,1.0,27.0,13.0,77.7606805559253,"해당 지점 고도 6.0m, 주변 평균 대비 1.5m 낮음. 상대적으로 낮고 완만한 지형일수록 폭우 때 빗물이 모이거나 배수가 지연될 수 있습니다.",매우 높음
35.91115945509384,127.0268440246582,8.0,8.23115348815918,0.2311534881591797,0.0,27.0,13.0,77.74823341484506,"해당 지점 고도 8.0m, 주변 평균 대비 0.2m 낮음. 상대적으로 낮고 완만한 지형일수록 폭우 때 빗물이 모이거나 배수가 지연될 수 있습니다.",매우 높음
35.88779842058902,127.06529617309569,8.0,9.984589576721191,1.9845895767211914,1.0,27.0,13.0,77.74722973446579,"해당 지점 고도 8.0m, 주변 평균 대비 2.0m 낮음. 상대적으로 낮고 완만한 지형일수록 폭우 때 빗물이 모이거나 배수가 지연될 수 있습니다.",매우 높음
35.895586198164004,127.04607009887695,5.0,7.727197170257568,2.7271971702575684,2.0,27.0,13.0,77.71691720489432,"해당 지점 고도 5.0m, 주변 평균 대비 2.7m 낮음. 상대적으로 낮고 완만한 지형일수록 폭우 때 빗물이 모이거나 배수가 지연될 수 있습니다.",매우 높음
35.918944934311824,126.99800491333008,5.0,5.938775539398193,0.9387755393981934,1.0,27.0,13.0,77.71068543417204,"해당 지점 고도 5.0m, 주변 평균 대비 0.9m 낮음. 상대적으로 낮고 완만한 지형일수록 폭우 때 빗물이 모이거나 배수가 지연될 수 있습니다.",매우 높음
35.895586198164004,126.98839187622069,3.0,6.809246063232422,3.809246063232422,3.0,27.0,13.0,77.69689100634415,"해당 지점 고도 3.0m, 주변 평균 대비 3.8m 낮음. 상대적으로 낮고 완만한 지형일수록 폭우 때 빗물이 모이거나 배수가 지연될 수 있습니다.",매우 높음
35.85663965115517,127.01723098754884,7.0,11.86380672454834,4.86380672454834,3.0,27.0,13.0,77.67532981073268,"해당 지점 고도 7.0m, 주변 평균 대비 4.9m 낮음. 상대적으로 낮고 완만한 지형일수록 폭우 때 빗물이 모이거나 배수가 지연될 수 있습니다.",매우 높음
35.88000987703203,127.00761795043947,7.0,8.262391090393066,1.2623910903930664,1.0,27.0,13.0,77.65778439296037,"해당 지점 고도 7.0m, 주변 평균 대비 1.3m 낮음. 상대적으로 낮고 완만한 지형일수록 폭우 때 빗물이 모이거나 배수가 지연될 수 있습니다.",매우 높음
35.85663965115517,127.00761795043947,10.0,11.995001792907715,1.9950017929077148,1.0,27.0,13.0,77.62955429603058,"해당 지점 고도 10.0m, 주변 평균 대비 2.0m 낮음. 상대적으로 낮고 완만한 지형일수록 폭우 때 빗물이 모이거나 배수가 지연될 수 있습니다.",매우 높음
35.895586198164004,127.05568313598631,3.0,8.182840347290039,5.182840347290039,4.0,27.0,13.0,77.61733125330323,"해당 지점 고도 3.0m, 주변 평균 대비 5.2m 낮음. 상대적으로 낮고 완만한 지형일수록 폭우 때 빗물이 모이거나 배수가 지연될 수 있습니다.",매우 높음
35.88000987703203,127.0268440246582,5.0,8.910453796386719,3.9104537963867188,3.0,27.0,13.0,77.59799322519598,"해당 지점 고도 5.0m, 주변 평균 대비 3.9m 낮음. 상대적으로 낮고 완만한 지형일수록 폭우 때 빗물이 모이거나 배수가 지연될 수 있습니다.",매우 높음
35.903373209688425,126.95955276489259,4.0,7.512702941894531,3.5127029418945312,3.0,27.0,13.0,77.57564774326146,"해당 지점 고도 4.0m, 주변 평균 대비 3.5m 낮음. 상대적으로 낮고 완만한 지형일수록 폭우 때 빗물이 모이거나 배수가 지연될 수 있습니다.",매우 높음
35.88779842058902,127.0268440246582,7.0,7.665555953979492,0.6655559539794922,1.0,27.0,13.0,77.53435136429648,"해당 지점 고도 7.0m, 주변 평균 대비 0.7m 낮음. 상대적으로 낮고 완만한 지형일수록 폭우 때 빗물이 모이거나 배수가 지연될 수 있습니다.",매우 높음
35.88000987703203,127.03645706176756,8.0,10.705122947692871,2.705122947692871,2.0,27.0,13.0,77.53260875348077,"해당 지점 고도 8.0m, 주변 평균 대비 2.7m 낮음. 상대적으로 낮고 완만한 지형일수록 폭우 때 빗물이 모이거나 배수가 지연될 수 있습니다.",매우 높음
35.91115945509384,126.95955276489259,3.0,5.942523956298828,2.942523956298828,3.0,27.0,13.0,77.51764195054689,"해당 지점 고도 3.0m, 주변 평균 대비 2.9m 낮음. 상대적으로 낮고 완만한 지형일수록 폭우 때 빗물이 모이거나 배수가 지연될 수 있습니다.",매우 높음
35.76308985263032,126.96916580200197,10.0,13.210745811462402,3.2107458114624023,2.0,27.0,13.0,77.51734911855384,"해당 지점 고도 10.0m, 주변 평균 대비 3.2m 낮음. 상대적으로 낮고 완만한 지형일수록 폭우 때 빗물이 모이거나 배수가 지연될 수 있습니다.",높음
35.93451359391221,127.04607009887695,8.0,10.572677612304688,2.5726776123046875,2.0,27.0,13.0,77.50521738879402,"해당 지점 고도 8.0m, 주변 평균 대비 2.6m 낮음. 상대적으로 낮고 완만한 지형일수록 폭우 때 빗물이 모이거나 배수가 지연될 수 있습니다.",높음
35.91115945509384,126.98839187622069,6.0,6.114119052886963,0.11411905288696289,1.0,27.0,13.0,77.48022167088064,"해당 지점 고도 6.0m, 주변 평균 대비 0.1m 낮음. 상대적으로 낮고 완만한 지형일수록 폭우 때 빗물이 모이거나 배수가 지연될 수 있습니다.",높음
35.895586198164004,127.00761795043947,6.0,7.747605323791504,1.747605323791504,2.0,27.0,13.0,77.45441085637366,"해당 지점 고도 6.0m, 주변 평균 대비 1.7m 낮음. 상대적으로 낮고 완만한 지형일수록 폭우 때 빗물이 모이거나 배수가 지연될 수 있습니다.",높음
35.92672964727403,127.01723098754884,7.0,7.018742084503174,0.018742084503173828,1.0,27.0,13.0,77.400582103708,"해당 지점 고도 7.0m, 주변 평균 대비 0.0m 낮음. 상대적으로 낮고 완만한 지형일수록 폭우 때 빗물이 모이거나 배수가 지연될 수 있습니다.",높음
35.84105567191978,126.96916580200197,11.0,17.380258560180664,6.380258560180664,4.0,27.0,13.0,77.3856571679661,"해당 지점 고도 11.0m, 주변 평균 대비 6.4m 낮음. 상대적으로 낮고 완만한 지형일수록 폭우 때 빗물이 모이거나 배수가 지연될 수 있습니다.",높음
35.8722205675616,127.01723098754884,6.0,9.122032165527344,3.1220321655273438,3.0,27.0,13.0,77.37502328675407,"해당 지점 고도 6.0m, 주변 평균 대비 3.1m 낮음. 상대적으로 낮고 완만한 지형일수록 폭우 때 빗물이 모이거나 배수가 지연될 수 있습니다.",높음
35.91115945509384,127.01723098754884,6.0,7.317784309387207,1.317784309387207,2.0,27.0,13.0,77.36551845317148,"해당 지점 고도 6.0m, 주변 평균 대비 1.3m 낮음. 상대적으로 낮고 완만한 지형일수록 폭우 때 빗물이 모이거나 배수가 지연될 수 있습니다.",높음
35.93451359391221,127.03645706176756,8.0,9.872137069702148,1.8721370697021484,2.0,27.0,13.0,77.36033677503713,"해당 지점 고도 8.0m, 주변 평균 대비 1.9m 낮음. 상대적으로 낮고 완만한 지형일수록 폭우 때 빗물이 모이거나 배수가 지연될 수 있습니다.",높음
35.8722205675616,127.00761795043947,6.0,9.039983749389648,3.0399837493896484,3.0,27.0,13.0,77.35805464016632,"해당 지점 고도 6.0m, 주변 평균 대비 3.0m 낮음. 상대적으로 낮고 완만한 지형일수록 폭우 때 빗물이 모이거나 배수가 지연될 수 있습니다.",높음
35.88000987703203,126.99800491333008,7.0,10.260725021362305,3.2607250213623047,3.0,27.0,13.0,77.34379230942378,"해당 지점 고도 7.0m, 주변 평균 대비 3.3m 낮음. 상대적으로 낮고 완만한 지형일수록 폭우 때 빗물이 모이거나 배수가 지연될 수 있습니다.",높음
35.918944934311824,126.97877883911133,8.0,5.811328411102295,0.0,1.0,27.0,13.0,77.3367915964207,"해당 지점 고도 8.0m, 주변 평균 대비 0.0m 낮음. 상대적으로 낮고 완만한 지형일수록 폭우 때 빗물이 모이거나 배수가 지연될 수 있습니다.",높음
35.88000987703203,127.01723098754884,8.0,7.452727794647217,0.0,1.0,27.0,13.0,77.3367915964207,"해당 지점 고도 8.0m, 주변 평균 대비 0.0m 낮음. 상대적으로 낮고 완만한 지형일수록 폭우 때 빗물이 모이거나 배수가 지연될 수 있습니다.",높음
35.903373209688425,126.96916580200197,8.0,5.879217147827148,0.0,1.0,27.0,13.0,77.3367915964207,"해당 지점 고도 8.0m, 주변 평균 대비 0.0m 낮음. 상대적으로 낮고 완만한 지형일수록 폭우 때 빗물이 모이거나 배수가 지연될 수 있습니다.",높음
35.91115945509384,126.99800491333008,8.0,6.48063325881958,0.0,1.0,27.0,13.0,77.3367915964207,"해당 지점 고도 8.0m, 주변 평균 대비 0.0m 낮음. 상대적으로 낮고 완만한 지형일수록 폭우 때 빗물이 모이거나 배수가 지연될 수 있습니다.",높음
35.747487508028556,126.97877883911133,12.0,14.909621238708496,2.909621238708496,2.0,27.0,13.0,77.33524394558555,"해당 지점 고도 12.0m, 주변 평균 대비 2.9m 낮음. 상대적으로 낮고 완만한 지형일수록 폭우 때 빗물이 모이거나 배수가 지연될 수 있습니다.",높음
35.848848044356686,126.95955276489259,13.0,16.11078643798828,3.1107864379882812,2.0,27.0,13.0,77.31693303627516,"해당 지점 고도 13.0m, 주변 평균 대비 3.1m 낮음. 상대적으로 낮고 완만한 지형일수록 폭우 때 빗물이 모이거나 배수가 지연될 수 있습니다.",높음
35.903373209688425,127.05568313598631,8.0,9.635568618774414,1.635568618774414,2.0,27.0,13.0,77.31141143769892,"해당 지점 고도 8.0m, 주변 평균 대비 1.6m 낮음. 상대적으로 낮고 완만한 지형일수록 폭우 때 빗물이 모이거나 배수가 지연될 수 있습니다.",높음
35.747487508028556,126.95955276489259,9.0,9.024989128112793,0.02498912811279297,1.0,27.0,13.0,77.28204525508644,"해당 지점 고도 9.0m, 주변 평균 대비 0.0m 낮음. 상대적으로 낮고 완만한 지형일수록 폭우 때 빗물이 모이거나 배수가 지연될 수 있습니다.",높음
35.903373209688425,127.08452224731444,9.0,10.770928382873535,1.7709283828735352,2.0,27.0,13.0,77.2794911349877,"해당 지점 고도 9.0m, 주변 평균 대비 1.8m 낮음. 상대적으로 낮고 완만한 지형일수록 폭우 때 빗물이 모이거나 배수가 지연될 수 있습니다.",높음
35.903373209688425,127.04607009887695,9.0,8.748437881469727,0.0,1.0,27.0,13.0,77.27687718843211,"해당 지점 고도 9.0m, 주변 평균 대비 0.0m 낮음. 상대적으로 낮고 완만한 지형일수록 폭우 때 빗물이 모이거나 배수가 지연될 수 있습니다.",높음
35.86443049224641,127.00761795043947,8.0,9.441065788269043,1.441065788269043,2.0,27.0,13.0,77.27118580085515,"해당 지점 고도 8.0m, 주변 평균 대비 1.4m 낮음. 상대적으로 낮고 완만한 지형일수록 폭우 때 빗물이 모이거나 배수가 지연될 수 있습니다.",높음
35.895586198164004,127.03645706176756,5.0,7.303206920623779,2.3032069206237793,3.0,27.0,13.0,77.26559431370073,"해당 지점 고도 5.0m, 주변 평균 대비 2.3m 낮음. 상대적으로 낮고 완만한 지형일수록 폭우 때 빗물이 모이거나 배수가 지연될 수 있습니다.",높음
35.93451359391221,127.01723098754884,8.0,11.170345306396484,3.1703453063964844,3.0,27.0,13.0,77.26518623724287,"해당 지점 고도 8.0m, 주변 평균 대비 3.2m 낮음. 상대적으로 낮고 완만한 지형일수록 폭우 때 빗물이 모이거나 배수가 지연될 수 있습니다.",높음
35.80208232757328,126.97877883911133,13.0,15.723865509033203,2.723865509033203,2.0,27.0,13.0,77.23691291145248,"해당 지점 고도 13.0m, 주변 평균 대비 2.7m 낮음. 상대적으로 낮고 완만한 지형일수록 폭우 때 빗물이 모이거나 배수가 지연될 수 있습니다.",높음
35.92672964727403,126.98839187622069,5.0,5.39150333404541,0.39150333404541016,2.0,27.0,13.0,77.23386628070165,"해당 지점 고도 5.0m, 주변 평균 대비 0.4m 낮음. 상대적으로 낮고 완만한 지형일수록 폭우 때 빗물이 모이거나 배수가 지연될 수 있습니다.",높음
35.731882104476455,126.97877883911133,13.0,13.840899467468262,0.8408994674682617,1.0,27.0,13.0,77.21112816496748,"해당 지점 고도 13.0m, 주변 평균 대비 0.8m 낮음. 상대적으로 낮고 완만한 지형일수록 폭우 때 빗물이 모이거나 배수가 지연될 수 있습니다.",높음
35.903373209688425,127.07490921020508,12.0,14.171595573425293,2.171595573425293,2.0,27.0,13.0,77.18261093599936,"해당 지점 고도 12.0m, 주변 평균 대비 2.2m 낮음. 상대적으로 낮고 완만한 지형일수록 폭우 때 빗물이 모이거나 배수가 지연될 수 있습니다.",높음
35.91115945509384,126.97877883911133,4.0,5.611828327178955,1.611828327178955,3.0,27.0,13.0,77.18252291449458,"해당 지점 고도 4.0m, 주변 평균 대비 1.6m 낮음. 상대적으로 낮고 완만한 지형일수록 폭우 때 빗물이 모이거나 배수가 지연될 수 있습니다.",높음
35.93451359391221,126.99800491333008,6.0,6.381091117858887,0.3810911178588867,2.0,27.0,13.0,77.1717984951711,"해당 지점 고도 6.0m, 주변 평균 대비 0.4m 낮음. 상대적으로 낮고 완만한 지형일수록 폭우 때 빗물이 모이거나 배수가 지연될 수 있습니다.",높음
35.88000987703203,126.98839187622069,8.0,10.67180347442627,2.6718034744262695,3.0,27.0,13.0,77.16208150281739,"해당 지점 고도 8.0m, 주변 평균 대비 2.7m 낮음. 상대적으로 낮고 완만한 지형일수록 폭우 때 빗물이 모이거나 배수가 지연될 수 있습니다.",높음
35.88779842058902,127.08452224731444,11.0,10.840482711791992,0.0,1.0,27.0,13.0,77.15704837245492,"해당 지점 고도 11.0m, 주변 평균 대비 0.0m 낮음. 상대적으로 낮고 완만한 지형일수록 폭우 때 빗물이 모이거나 배수가 지연될 수 있습니다.",높음
35.895586198164004,127.07490921020508,11.0,10.953352928161621,0.0,1.0,27.0,13.0,77.15704837245492,"해당 지점 고도 11.0m, 주변 평균 대비 0.0m 낮음. 상대적으로 낮고 완만한 지형일수록 폭우 때 빗물이 모이거나 배수가 지연될 수 있습니다.",높음
35.88779842058902,126.97877883911133,7.0,7.55226993560791,0.5522699356079102,2.0,27.0,13.0,77.14728602421462,"해당 지점 고도 7.0m, 주변 평균 대비 0.6m 낮음. 상대적으로 낮고 완만한 지형일수록 폭우 때 빗물이 모이거나 배수가 지연될 수 있습니다.",높음
35.731882104476455,126.96916580200197,13.0,15.095376968383789,2.095376968383789,2.0,27.0,13.0,77.10693355983612,"해당 지점 고도 13.0m, 주변 평균 대비 2.1m 낮음. 상대적으로 낮고 완만한 지형일수록 폭우 때 빗물이 모이거나 배수가 지연될 수 있습니다.",높음
35.80208232757328,126.96916580200197,13.0,15.072469711303711,2.072469711303711,2.0,27.0,13.0,77.10219605035105,"해당 지점 고도 13.0m, 주변 평균 대비 2.1m 낮음. 상대적으로 낮고 완만한 지형일수록 폭우 때 빗물이 모이거나 배수가 지연될 수 있습니다.",높음
35.91115945509384,126.96916580200197,6.0,5.5268635749816895,0.0,2.0,27.0,13.0,77.09298404876151,"해당 지점 고도 6.0m, 주변 평균 대비 0.0m 낮음. 상대적으로 낮고 완만한 지형일수록 폭우 때 빗물이 모이거나 배수가 지연될 수 있습니다.",높음
35.895586198164004,127.10374832153317,11.0,12.428987503051758,1.4289875030517578,2.0,27.0,13.0,77.08894463527288,"해당 지점 고도 11.0m, 주변 평균 대비 1.4m 낮음. 상대적으로 낮고 완만한 지형일수록 폭우 때 빗물이 모이거나 배수가 지연될 수 있습니다.",높음
35.73968518858643,126.96916580200197,10.0,11.042899131774902,1.0428991317749023,2.0,27.0,13.0,77.06901110186013,"해당 지점 고도 10.0m, 주변 평균 대비 1.0m 낮음. 상대적으로 낮고 완만한 지형일수록 폭우 때 빗물이 모이거나 배수가 지연될 수 있습니다.",높음
35.86443049224641,127.09413528442383,13.0,16.603914260864258,3.603914260864258,3.0,27.0,13.0,77.05528172174594,"해당 지점 고도 13.0m, 주변 평균 대비 3.6m 낮음. 상대적으로 낮고 완만한 지형일수록 폭우 때 빗물이 모이거나 배수가 지연될 수 있습니다.",높음
35.91115945509384,127.04607009887695,8.0,8.392752647399902,0.39275264739990234,2.0,27.0,13.0,77.05438143048382,"해당 지점 고도 8.0m, 주변 평균 대비 0.4m 낮음. 상대적으로 낮고 완만한 지형일수록 폭우 때 빗물이 모이거나 배수가 지연될 수 있습니다.",높음
35.903373209688425,126.97877883911133,7.0,6.036651611328125,0.0,2.0,27.0,13.0,77.03306964077292,"해당 지점 고도 7.0m, 주변 평균 대비 0.0m 낮음. 상대적으로 낮고 완만한 지형일수록 폭우 때 빗물이 모이거나 배수가 지연될 수 있습니다.",높음
35.918944934311824,126.95955276489259,7.0,5.791337013244629,0.0,2.0,27.0,13.0,77.03306964077292,"해당 지점 고도 7.0m, 주변 평균 대비 0.0m 낮음. 상대적으로 낮고 완만한 지형일수록 폭우 때 빗물이 모이거나 배수가 지연될 수 있습니다.",높음
35.88779842058902,127.04607009887695,5.0,7.893377780914307,2.8933777809143066,4.0,27.0,13.0,77.02401272243009,"해당 지점 고도 5.0m, 주변 평균 대비 2.9m 낮음. 상대적으로 낮고 완만한 지형일수록 폭우 때 빗물이 모이거나 배수가 지연될 수 있습니다.",높음
35.88000987703203,127.08452224731444,12.0,13.370262145996094,1.3702621459960938,2.0,27.0,13.0,77.01688508327635,"해당 지점 고도 12.0m, 주변 평균 대비 1.4m 낮음. 상대적으로 낮고 완만한 지형일수록 폭우 때 빗물이 모이거나 배수가 지연될 수 있습니다.",높음
35.91115945509384,127.08452224731444,11.0,11.973760604858398,0.9737606048583984,2.0,27.0,13.0,76.99479797508975,"해당 지점 고도 11.0m, 주변 평균 대비 1.0m 낮음. 상대적으로 낮고 완만한 지형일수록 폭우 때 빗물이 모이거나 배수가 지연될 수 있습니다.",높음
35.91115945509384,127.05568313598631,10.0,10.645980834960938,0.6459808349609375,2.0,27.0,13.0,76.98692339535836,"해당 지점 고도 10.0m, 주변 평균 대비 0.6m 낮음. 상대적으로 낮고 완만한 지형일수록 폭우 때 빗물이 모이거나 배수가 지연될 수 있습니다.",높음
35.903373209688425,127.00761795043947,8.0,7.8554768562316895,0.0,2.0,27.0,13.0,76.97315523278434,"해당 지점 고도 8.0m, 주변 평균 대비 0.0m 낮음. 상대적으로 낮고 완만한 지형일수록 폭우 때 빗물이 모이거나 배수가 지연될 수 있습니다.",높음
35.895586198164004,126.99800491333008,8.0,7.55226993560791,0.0,2.0,27.0,13.0,76.97315523278434,"해당 지점 고도 8.0m, 주변 평균 대비 0.0m 낮음. 상대적으로 낮고 완만한 지형일수록 폭우 때 빗물이 모이거나 배수가 지연될 수 있습니다.",높음
35.903373209688425,126.99800491333008,8.0,7.305289268493652,0.0,2.0,27.0,13.0,76.97315523278434,"해당 지점 고도 8.0m, 주변 평균 대비 0.0m 낮음. 상대적으로 낮고 완만한 지형일수록 폭우 때 빗물이 모이거나 배수가 지연될 수 있습니다.",높음
35.88779842058902,127.03645706176756,8.0,7.840066432952881,0.0,2.0,27.0,13.0,76.97315523278434,"해당 지점 고도 8.0m, 주변 평균 대비 0.0m 낮음. 상대적으로 낮고 완만한 지형일수록 폭우 때 빗물이 모이거나 배수가 지연될 수 있습니다.",높음
35.92672964727403,126.99800491333008,8.0,5.276551246643066,0.0,2.0,27.0,13.0,76.97315523278434,"해당 지점 고도 8.0m, 주변 평균 대비 0.0m 낮음. 상대적으로 낮고 완만한 지형일수록 폭우 때 빗물이 모이거나 배수가 지연될 수 있습니다.",높음
35.92672964727403,127.0268440246582,7.0,8.415244102478027,1.4152441024780273,3.0,27.0,13.0,76.9621235951317,"해당 지점 고도 7.0m, 주변 평균 대비 1.4m 낮음. 상대적으로 낮고 완만한 지형일수록 폭우 때 빗물이 모이거나 배수가 지연될 수 있습니다.",높음
35.91115945509384,127.03645706176756,7.0,8.414410591125488,1.4144105911254883,3.0,27.0,13.0,76.9619512144785,"해당 지점 고도 7.0m, 주변 평균 대비 1.4m 낮음. 상대적으로 낮고 완만한 지형일수록 폭우 때 빗물이 모이거나 배수가 지연될 수 있습니다.",높음
35.88000987703203,127.06529617309569,10.0,12.195335388183594,2.1953353881835938,3.0,27.0,13.0,76.94371308124657,"해당 지점 고도 10.0m, 주변 평균 대비 2.2m 낮음. 상대적으로 낮고 완만한 지형일수록 폭우 때 빗물이 모이거나 배수가 지연될 수 있습니다.",높음
35.92672964727403,127.00761795043947,5.0,5.710537433624268,0.7105374336242676,3.0,27.0,13.0,76.93621018993377,"해당 지점 고도 5.0m, 주변 평균 대비 0.7m 낮음. 상대적으로 낮고 완만한 지형일수록 폭우 때 빗물이 모이거나 배수가 지연될 수 있습니다.",주의
35.93451359391221,126.98839187622069,6.0,6.986672401428223,0.9866724014282227,3.0,27.0,13.0,76.93340397366605,"해당 지점 고도 6.0m, 주변 평균 대비 1.0m 낮음. 상대적으로 낮고 완만한 지형일수록 폭우 때 빗물이 모이거나 배수가 지연될 수 있습니다.",주의
35.88000987703203,127.07490921020508,12.0,12.879217147827148,0.8792171478271484,2.0,27.0,13.0,76.91533078857033,"해당 지점 고도 12.0m, 주변 평균 대비 0.9m 낮음. 상대적으로 낮고 완만한 지형일수록 폭우 때 빗물이 모이거나 배수가 지연될 수 있습니다.",주의
35.903373209688425,127.03645706176756,9.0,8.348188400268555,0.0,2.0,27.0,13.0,76.91324082479575,"해당 지점 고도 9.0m, 주변 평균 대비 0.0m 낮음. 상대적으로 낮고 완만한 지형일수록 폭우 때 빗물이 모이거나 배수가 지연될 수 있습니다.",주의
35.895586198164004,127.01723098754884,9.0,7.294044017791748,0.0,2.0,27.0,13.0,76.91324082479575,"해당 지점 고도 9.0m, 주변 평균 대비 0.0m 낮음. 상대적으로 낮고 완만한 지형일수록 폭우 때 빗물이 모이거나 배수가 지연될 수 있습니다.",주의
35.942296774158116,127.06529617309569,13.0,17.67222023010254,4.672220230102539,4.0,27.0,13.0,76.91258449737536,"해당 지점 고도 13.0m, 주변 평균 대비 4.7m 낮음. 상대적으로 낮고 완만한 지형일수록 폭우 때 빗물이 모이거나 배수가 지연될 수 있습니다.",주의
35.73968518858643,126.97877883911133,11.0,13.241982460021973,2.2419824600219727,3.0,27.0,13.0,76.89344587564943,"해당 지점 고도 11.0m, 주변 평균 대비 2.2m 낮음. 상대적으로 낮고 완만한 지형일수록 폭우 때 빗물이 모이거나 배수가 지연될 수 있습니다.",주의
35.903373209688425,127.11336135864256,11.0,13.241565704345703,2.241565704345703,3.0,27.0,13.0,76.89335968532284,"해당 지점 고도 11.0m, 주변 평균 대비 2.2m 낮음. 상대적으로 낮고 완만한 지형일수록 폭우 때 빗물이 모이거나 배수가 지연될 수 있습니다.",주의
35.918944934311824,126.96916580200197,5.0,5.433152675628662,0.4331526756286621,3.0,27.0,13.0,76.87884352584906,"해당 지점 고도 5.0m, 주변 평균 대비 0.4m 낮음. 상대적으로 낮고 완만한 지형일수록 폭우 때 빗물이 모이거나 배수가 지연될 수 있습니다.",주의
35.895586198164004,127.06529617309569,9.0,10.57684326171875,1.57684326171875,3.0,27.0,13.0,76.87571552206602,"해당 지점 고도 9.0m, 주변 평균 대비 1.6m 낮음. 상대적으로 낮고 완만한 지형일수록 폭우 때 빗물이 모이거나 배수가 지연될 수 있습니다.",주의
35.80208232757328,126.95955276489259,11.0,13.130779266357422,2.130779266357422,3.0,27.0,13.0,76.87044765360508,"해당 지점 고도 11.0m, 주변 평균 대비 2.1m 낮음. 상대적으로 낮고 완만한 지형일수록 폭우 때 빗물이 모이거나 배수가 지연될 수 있습니다.",주의
35.903373209688425,127.0268440246582,10.0,7.80049991607666,0.0,2.0,27.0,13.0,76.85332641680715,"해당 지점 고도 10.0m, 주변 평균 대비 0.0m 낮음. 상대적으로 낮고 완만한 지형일수록 폭우 때 빗물이 모이거나 배수가 지연될 수 있습니다.",주의
35.942296774158116,127.05568313598631,12.0,14.270303726196289,2.270303726196289,3.0,27.0,13.0,76.83938866246424,"해당 지점 고도 12.0m, 주변 평균 대비 2.3m 낮음. 상대적으로 낮고 완만한 지형일수록 폭우 때 빗물이 모이거나 배수가 지연될 수 있습니다.",주의
35.903373209688425,127.10374832153317,12.0,12.490629196166992,0.4906291961669922,2.0,27.0,13.0,76.83496590244125,"해당 지점 고도 12.0m, 주변 평균 대비 0.5m 낮음. 상대적으로 낮고 완만한 지형일수록 폭우 때 빗물이 모이거나 배수가 지연될 수 있습니다.",주의
35.88000987703203,126.97877883911133,10.0,11.596418380737305,1.5964183807373047,3.0,27.0,13.0,76.81984949541341,"해당 지점 고도 10.0m, 주변 평균 대비 1.6m 낮음. 상대적으로 낮고 완만한 지형일수록 폭우 때 빗물이 모이거나 배수가 지연될 수 있습니다.",주의
35.88779842058902,127.01723098754884,7.0,7.625156402587891,0.6251564025878906,3.0,27.0,13.0,76.79872350060386,"해당 지점 고도 7.0m, 주변 평균 대비 0.6m 낮음. 상대적으로 낮고 완만한 지형일수록 폭우 때 빗물이 모이거나 배수가 지연될 수 있습니다.",주의
35.92672964727403,126.95955276489259,11.0,9.3261137008667,0.0,2.0,27.0,13.0,76.79341200881856,"해당 지점 고도 11.0m, 주변 평균 대비 0.0m 낮음. 상대적으로 낮고 완만한 지형일수록 폭우 때 빗물이 모이거나 배수가 지연될 수 있습니다.",주의
35.86443049224641,127.06529617309569,13.0,18.684297561645508,5.684297561645508,5.0,27.0,13.0,76.75825848202895,"해당 지점 고도 13.0m, 주변 평균 대비 5.7m 낮음. 상대적으로 낮고 완만한 지형일수록 폭우 때 빗물이 모이거나 배수가 지연될 수 있습니다.",주의
35.895586198164004,127.11336135864256,13.0,13.365264892578125,0.365264892578125,2.0,27.0,13.0,76.74912457639068,"해당 지점 고도 13.0m, 주변 평균 대비 0.4m 낮음. 상대적으로 낮고 완만한 지형일수록 폭우 때 빗물이 모이거나 배수가 지연될 수 있습니다.",주의
35.942296774158116,127.04607009887695,12.0,11.579758644104004,0.0,2.0,27.0,13.0,76.73349760082998,"해당 지점 고도 12.0m, 주변 평균 대비 0.0m 낮음. 상대적으로 낮고 완만한 지형일수록 폭우 때 빗물이 모이거나 배수가 지연될 수 있습니다.",주의
35.75528906273307,126.96916580200197,9.0,11.631403923034668,2.631403923034668,4.0,27.0,13.0,76.73017559477253,"해당 지점 고도 9.0m, 주변 평균 대비 2.6m 낮음. 상대적으로 낮고 완만한 지형일수록 폭우 때 빗물이 모이거나 배수가 지연될 수 있습니다.",주의
35.918944934311824,127.05568313598631,11.0,12.41565990447998,1.4156599044799805,3.0,27.0,13.0,76.72255195627208,"해당 지점 고도 11.0m, 주변 평균 대비 1.4m 낮음. 상대적으로 낮고 완만한 지형일수록 폭우 때 빗물이 모이거나 배수가 지연될 수 있습니다.",주의
35.903373209688425,126.98839187622069,5.0,6.425655841827393,1.4256558418273926,4.0,27.0,13.0,76.72046932639854,"해당 지점 고도 5.0m, 주변 평균 대비 1.4m 낮음. 상대적으로 낮고 완만한 지형일수록 폭우 때 빗물이 모이거나 배수가 지연될 수 있습니다.",주의
35.92672964727403,127.03645706176756,7.0,8.938359260559082,1.938359260559082,4.0,27.0,13.0,76.70667403948045,"해당 지점 고도 7.0m, 주변 평균 대비 1.9m 낮음. 상대적으로 낮고 완만한 지형일수록 폭우 때 빗물이 모이거나 배수가 지연될 수 있습니다.",주의
35.918944934311824,127.04607009887695,9.0,9.71053695678711,0.7105369567871094,3.0,27.0,13.0,76.6965524593635,"해당 지점 고도 9.0m, 주변 평균 대비 0.7m 낮음. 상대적으로 낮고 완만한 지형일수록 폭우 때 빗물이 모이거나 배수가 지연될 수 있습니다.",주의
35.92672964727403,126.96916580200197,4.0,10.281966209411621,6.281966209411621,7.0,27.0,13.0,76.69382083597061,"해당 지점 고도 4.0m, 주변 평균 대비 6.3m 낮음. 상대적으로 낮고 완만한 지형일수록 폭우 때 빗물이 모이거나 배수가 지연될 수 있습니다.",주의
35.942296774158116,127.01723098754884,9.0,14.931278228759766,5.931278228759766,6.0,27.0,13.0,76.68535846522713,"해당 지점 고도 9.0m, 주변 평균 대비 5.9m 낮음. 상대적으로 낮고 완만한 지형일수록 폭우 때 빗물이 모이거나 배수가 지연될 수 있습니다.",주의
35.91115945509384,127.00761795043947,7.0,6.952103137969971,0.0,3.0,27.0,13.0,76.66943327713656,"해당 지점 고도 7.0m, 주변 평균 대비 0.0m 낮음. 상대적으로 낮고 완만한 지형일수록 폭우 때 빗물이 모이거나 배수가 지연될 수 있습니다.",주의
35.73968518858643,126.95955276489259,12.0,13.100375175476074,1.1003751754760742,3.0,27.0,13.0,76.5974326925066,"해당 지점 고도 12.0m, 주변 평균 대비 1.1m 낮음. 상대적으로 낮고 완만한 지형일수록 폭우 때 빗물이 모이거나 배수가 지연될 수 있습니다.",주의
35.747487508028556,126.96916580200197,10.0,10.444814682006836,0.44481468200683594,3.0,27.0,13.0,76.58168333581195,"해당 지점 고도 10.0m, 주변 평균 대비 0.4m 낮음. 상대적으로 낮고 완만한 지형일수록 폭우 때 빗물이 모이거나 배수가 지연될 수 있습니다.",주의
35.8722205675616,127.0268440246582,10.0,15.634319305419922,5.634319305419922,6.0,27.0,13.0,76.56402920904969,"해당 지점 고도 10.0m, 주변 평균 대비 5.6m 낮음. 상대적으로 낮고 완만한 지형일수록 폭우 때 빗물이 모이거나 배수가 지연될 수 있습니다.",주의
35.903373209688425,127.09413528442383,11.0,11.584755897521973,0.5847558975219727,3.0,27.0,13.0,76.55071053499772,"해당 지점 고도 11.0m, 주변 평균 대비 0.6m 낮음. 상대적으로 낮고 완만한 지형일수록 폭우 때 빗물이 모이거나 배수가 지연될 수 있습니다.",주의
35.918944934311824,127.01723098754884,9.0,6.825489521026611,0.0,3.0,27.0,13.0,76.54960446115938,"해당 지점 고도 9.0m, 주변 평균 대비 0.0m 낮음. 상대적으로 낮고 완만한 지형일수록 폭우 때 빗물이 모이거나 배수가 지연될 수 있습니다.",주의
35.88779842058902,127.05568313598631,9.0,8.70553970336914,0.0,3.0,27.0,13.0,76.54960446115938,"해당 지점 고도 9.0m, 주변 평균 대비 0.0m 낮음. 상대적으로 낮고 완만한 지형일수록 폭우 때 빗물이 모이거나 배수가 지연될 수 있습니다.",주의
35.895586198164004,127.0268440246582,5.0,7.104956150054932,2.1049561500549316,5.0,27.0,13.0,76.4973208283404,"해당 지점 고도 5.0m, 주변 평균 대비 2.1m 낮음. 상대적으로 낮고 완만한 지형일수록 폭우 때 빗물이 모이거나 배수가 지연될 수 있습니다.",주의
35.918944934311824,127.03645706176756,10.0,9.613493919372559,0.0,3.0,27.0,13.0,76.48969005317079,"해당 지점 고도 10.0m, 주변 평균 대비 0.0m 낮음. 상대적으로 낮고 완만한 지형일수록 폭우 때 빗물이 모이거나 배수가 지연될 수 있습니다.",주의
35.75528906273307,126.95955276489259,7.0,9.072469711303711,2.072469711303711,5.0,27.0,13.0,76.37077340737349,"해당 지점 고도 7.0m, 주변 평균 대비 2.1m 낮음. 상대적으로 낮고 완만한 지형일수록 폭우 때 빗물이 모이거나 배수가 지연될 수 있습니다.",주의
35.88779842058902,127.07490921020508,12.0,10.438983917236328,0.0,3.0,27.0,13.0,76.36986123719362,"해당 지점 고도 12.0m, 주변 평균 대비 0.0m 낮음. 상대적으로 낮고 완만한 지형일수록 폭우 때 빗물이 모이거나 배수가 지연될 수 있습니다.",주의
35.88779842058902,126.98839187622069,7.0,7.213244438171387,0.21324443817138672,4.0,27.0,13.0,76.34989855102675,"해당 지점 고도 7.0m, 주변 평균 대비 0.2m 낮음. 상대적으로 낮고 완만한 지형일수록 폭우 때 빗물이 모이거나 배수가 지연될 수 있습니다.",주의
35.88779842058902,127.09413528442383,13.0,11.437317848205566,0.0,3.0,27.0,13.0,76.30994682920503,"해당 지점 고도 13.0m, 주변 평균 대비 0.0m 낮음. 상대적으로 낮고 완만한 지형일수록 폭우 때 빗물이 모이거나 배수가 지연될 수 있습니다.",주의
35.918944934311824,127.00761795043947,7.0,6.207413673400879,0.0,4.0,27.0,13.0,76.3057969135002,"해당 지점 고도 7.0m, 주변 평균 대비 0.0m 낮음. 상대적으로 낮고 완만한 지형일수록 폭우 때 빗물이 모이거나 배수가 지연될 수 있습니다.",주의
35.848848044356686,127.0268440246582,13.0,18.06414031982422,5.064140319824219,6.0,27.0,13.0,76.26636578438078,"해당 지점 고도 13.0m, 주변 평균 대비 5.1m 낮음. 상대적으로 낮고 완만한 지형일수록 폭우 때 빗물이 모이거나 배수가 지연될 수 있습니다.",주의
35.903373209688425,127.01723098754884,8.0,7.681799411773682,0.0,4.0,27.0,13.0,76.2458825055116,"해당 지점 고도 8.0m, 주변 평균 대비 0.0m 낮음. 상대적으로 낮고 완만한 지형일수록 폭우 때 빗물이 모이거나 배수가 지연될 수 있습니다.",주의
35.93451359391221,126.97877883911133,12.0,13.013744354248047,1.0137443542480469,4.0,27.0,13.0,76.21587998315363,"해당 지점 고도 12.0m, 주변 평균 대비 1.0m 낮음. 상대적으로 낮고 완만한 지형일수록 폭우 때 빗물이 모이거나 배수가 지연될 수 있습니다.",주의
35.88779842058902,126.99800491333008,9.0,7.644731521606445,0.0,4.0,27.0,13.0,76.18596809752302,"해당 지점 고도 9.0m, 주변 평균 대비 0.0m 낮음. 상대적으로 낮고 완만한 지형일수록 폭우 때 빗물이 모이거나 배수가 지연될 수 있습니다.",주의
35.895586198164004,127.09413528442383,12.0,10.978758811950684,0.0,4.0,27.0,13.0,76.00622487355724,"해당 지점 고도 12.0m, 주변 평균 대비 0.0m 낮음. 상대적으로 낮고 완만한 지형일수록 폭우 때 빗물이 모이거나 배수가 지연될 수 있습니다.",주의
35.942296774158116,126.99800491333008,13.0,14.804247856140137,1.8042478561401367,5.0,27.0,13.0,75.95581529915127,"해당 지점 고도 13.0m, 주변 평균 대비 1.8m 낮음. 상대적으로 낮고 완만한 지형일수록 폭우 때 빗물이 모이거나 배수가 지연될 수 있습니다.",주의
35.895586198164004,127.08452224731444,10.0,10.024989128112793,0.02498912811279297,5.0,27.0,13.0,75.76758539255239,"해당 지점 고도 10.0m, 주변 평균 대비 0.0m 낮음. 상대적으로 낮고 완만한 지형일수록 폭우 때 빗물이 모이거나 배수가 지연될 수 있습니다.",주의
35.91115945509384,127.09413528442383,12.0,12.071220397949219,0.07122039794921875,5.0,27.0,13.0,75.65731778587194,"해당 지점 고도 12.0m, 주변 평균 대비 0.1m 낮음. 상대적으로 낮고 완만한 지형일수록 폭우 때 빗물이 모이거나 배수가 지연될 수 있습니다.",주의
35.85663965115517,127.03645706176756,15.0,28.453977584838867,13.453977584838867,3.0,27.0,13.0,74.97257015043239,"해당 지점 고도 15.0m, 주변 평균 대비 13.5m 낮음. 상대적으로 낮고 완만한 지형일수록 폭우 때 빗물이 모이거나 배수가 지연될 수 있습니다.",주의
35.80208232757328,127.17103958129883,52.0,112.80674743652344,60.80674743652344,3.0,27.0,13.0,74.54888669001154,"해당 지점 고도 52.0m, 주변 평균 대비 60.8m 낮음. 상대적으로 낮고 완만한 지형일수록 폭우 때 빗물이 모이거나 배수가 지연될 수 있습니다.",주의
35.93451359391221,127.00761795043947,9.0,9.516035079956055,0.5160350799560547,9.0,27.0,13.0,74.47450883793341,"해당 지점 고도 9.0m, 주변 평균 대비 0.5m 낮음. 상대적으로 낮고 완만한 지형일수록 폭우 때 빗물이 모이거나 배수가 지연될 수 있습니다.",주의
35.825468630406455,127.01723098754884,14.0,22.233652114868164,8.233652114868164,2.0,27.0,13.0,74.31649181837935,"해당 지점 고도 14.0m, 주변 평균 대비 8.2m 낮음. 상대적으로 낮고 완만한 지형일수록 폭우 때 빗물이 모이거나 배수가 지연될 수 있습니다.",주의
35.85663965115517,127.06529617309569,15.0,21.458974838256836,6.458974838256836,1.0,27.0,13.0,74.2531881453595,"해당 지점 고도 15.0m, 주변 평균 대비 6.5m 낮음. 상대적으로 낮고 완만한 지형일수록 폭우 때 빗물이 모이거나 배수가 지연될 수 있습니다.",주의
35.81767396146806,127.00761795043947,19.0,28.322364807128906,9.322364807128906,2.0,27.0,13.0,74.24207928522765,"해당 지점 고도 19.0m, 주변 평균 대비 9.3m 낮음. 상대적으로 낮고 완만한 지형일수록 폭우 때 빗물이 모이거나 배수가 지연될 수 있습니다.",주의
35.83326253391338,127.04607009887695,17.0,25.400667190551758,8.400667190551758,2.0,27.0,13.0,74.17128941710716,"해당 지점 고도 17.0m, 주변 평균 대비 8.4m 낮음. 상대적으로 낮고 완만한 지형일수록 폭우 때 빗물이 모이거나 배수가 지연될 수 있습니다.",주의
35.86443049224641,126.97877883911133,14.0,21.39691734313965,7.396917343139648,2.0,27.0,13.0,74.14344452146004,"해당 지점 고도 14.0m, 주변 평균 대비 7.4m 낮음. 상대적으로 낮고 완만한 지형일수록 폭우 때 빗물이 모이거나 배수가 지연될 수 있습니다.",주의
35.848848044356686,126.97877883911133,16.0,23.183256149291992,7.183256149291992,2.0,27.0,13.0,73.97942787762972,"해당 지점 고도 16.0m, 주변 평균 대비 7.2m 낮음. 상대적으로 낮고 완만한 지형일수록 폭우 때 빗물이 모이거나 배수가 지연될 수 있습니다.",주의
35.918944934311824,127.16142654418944,20.0,25.332361221313477,5.332361221313477,1.0,27.0,13.0,73.7206182097013,"해당 지점 고도 20.0m, 주변 평균 대비 5.3m 낮음. 상대적으로 낮고 완만한 지형일수록 폭우 때 빗물이 모이거나 배수가 지연될 수 있습니다.",주의
35.918944934311824,127.08452224731444,15.0,20.47854995727539,5.478549957275391,2.0,27.0,13.0,73.68678755915379,"해당 지점 고도 15.0m, 주변 평균 대비 5.5m 낮음. 상대적으로 낮고 완만한 지형일수록 폭우 때 빗물이 모이거나 배수가 지연될 수 있습니다.",주의
35.88779842058902,127.16142654418944,27.0,34.19450378417969,7.1945037841796875,1.0,27.0,13.0,73.68633190605051,"해당 지점 고도 27.0m, 주변 평균 대비 7.2m 낮음. 상대적으로 낮고 완만한 지형일수록 폭우 때 빗물이 모이거나 배수가 지연될 수 있습니다.",주의
35.85663965115517,127.11336135864256,16.0,21.66514015197754,5.665140151977539,2.0,27.0,13.0,73.66546235519476,"해당 지점 고도 16.0m, 주변 평균 대비 5.7m 낮음. 상대적으로 낮고 완만한 지형일수록 폭우 때 빗물이 모이거나 배수가 지연될 수 있습니다.",주의
35.81767396146806,127.01723098754884,20.0,25.005830764770508,5.005830764770508,1.0,27.0,13.0,73.65308759572925,"해당 지점 고도 20.0m, 주변 평균 대비 5.0m 낮음. 상대적으로 낮고 완만한 지형일수록 폭우 때 빗물이 모이거나 배수가 지연될 수 있습니다.",주의
35.848848044356686,127.06529617309569,17.0,24.605581283569336,7.605581283569336,3.0,27.0,13.0,73.64321926671933,"해당 지점 고도 17.0m, 주변 평균 대비 7.6m 낮음. 상대적으로 낮고 완만한 지형일수록 폭우 때 빗물이 모이거나 배수가 지연될 수 있습니다.",주의
35.84105567191978,126.99800491333008,16.0,23.28862953186035,7.288629531860352,3.0,27.0,13.0,73.63758405762462,"해당 지점 고도 16.0m, 주변 평균 대비 7.3m 낮음. 상대적으로 낮고 완만한 지형일수록 폭우 때 빗물이 모이거나 배수가 지연될 수 있습니다.",주의
35.92672964727403,127.17103958129883,24.0,31.80508041381836,7.805080413818359,2.0,27.0,13.0,73.62871370903922,"해당 지점 고도 24.0m, 주변 평균 대비 7.8m 낮음. 상대적으로 낮고 완만한 지형일수록 폭우 때 빗물이 모이거나 배수가 지연될 수 있습니다.",주의
35.724078255768404,126.97877883911133,14.0,18.750104904174805,4.750104904174805,2.0,27.0,13.0,73.59605034890869,"해당 지점 고도 14.0m, 주변 평균 대비 4.8m 낮음. 상대적으로 낮고 완만한 지형일수록 폭우 때 빗물이 모이거나 배수가 지연될 수 있습니다.",낮음
35.85663965115517,127.05568313598631,22.0,29.010828018188477,7.010828018188477,2.0,27.0,13.0,73.58428111891813,"해당 지점 고도 22.0m, 주변 평균 대비 7.0m 낮음. 상대적으로 낮고 완만한 지형일수록 폭우 때 빗물이 모이거나 배수가 지연될 수 있습니다.",낮음
35.848848044356686,126.99800491333008,17.0,22.49354362487793,5.49354362487793,2.0,27.0,13.0,73.5700596226156,"해당 지점 고도 17.0m, 주변 평균 대비 5.5m 낮음. 상대적으로 낮고 완만한 지형일수록 폭우 때 빗물이 모이거나 배수가 지연될 수 있습니다.",낮음
35.80208232757328,126.98839187622069,15.0,17.800498962402344,2.8004989624023438,1.0,27.0,13.0,73.4965692231492,"해당 지점 고도 15.0m, 주변 평균 대비 2.8m 낮음. 상대적으로 낮고 완만한 지형일수록 폭우 때 빗물이 모이거나 배수가 지연될 수 있습니다.",낮음
35.80208232757328,126.99800491333008,17.0,21.82923698425293,4.82923698425293,2.0,27.0,13.0,73.43267263647634,"해당 지점 고도 17.0m, 주변 평균 대비 4.8m 낮음. 상대적으로 낮고 완만한 지형일수록 폭우 때 빗물이 모이거나 배수가 지연될 수 있습니다.",낮음
35.86443049224641,127.08452224731444,15.0,20.842981338500977,5.842981338500977,3.0,27.0,13.0,73.39852019841352,"해당 지점 고도 15.0m, 주변 평균 대비 5.8m 낮음. 상대적으로 낮고 완만한 지형일수록 폭우 때 빗물이 모이거나 배수가 지연될 수 있습니다.",낮음
35.81767396146806,126.97877883911133,15.0,22.4822998046875,7.4822998046875,4.0,27.0,13.0,73.37391555539928,"해당 지점 고도 15.0m, 주변 평균 대비 7.5m 낮음. 상대적으로 낮고 완만한 지형일수록 폭우 때 빗물이 모이거나 배수가 지연될 수 있습니다.",낮음
35.85663965115517,127.08452224731444,20.0,28.87755012512207,8.87755012512207,4.0,27.0,13.0,73.36289886732517,"해당 지점 고도 20.0m, 주변 평균 대비 8.9m 낮음. 상대적으로 낮고 완만한 지형일수록 폭우 때 빗물이 모이거나 배수가 지연될 수 있습니다.",낮음
35.8722205675616,127.12297439575195,23.0,29.226572036743164,6.226572036743164,2.0,27.0,13.0,73.36217268927851,"해당 지점 고도 23.0m, 주변 평균 대비 6.2m 낮음. 상대적으로 낮고 완만한 지형일수록 폭우 때 빗물이 모이거나 배수가 지연될 수 있습니다.",낮음
35.942296774158116,127.11336135864256,25.0,31.746355056762695,6.746355056762695,2.0,27.0,13.0,73.34984155313735,"해당 지점 고도 25.0m, 주변 평균 대비 6.7m 낮음. 상대적으로 낮고 완만한 지형일수록 폭우 때 빗물이 모이거나 배수가 지연될 수 있습니다.",낮음
35.75528906273307,126.97877883911133,14.0,15.786755561828613,1.7867555618286133,1.0,27.0,13.0,73.34682871877328,"해당 지점 고도 14.0m, 주변 평균 대비 1.8m 낮음. 상대적으로 낮고 완만한 지형일수록 폭우 때 빗물이 모이거나 배수가 지연될 수 있습니다.",낮음
35.79428536275529,126.98839187622069,19.0,22.092044830322266,3.0920448303222656,1.0,27.0,13.0,73.3172069512972,"해당 지점 고도 19.0m, 주변 평균 대비 3.1m 낮음. 상대적으로 낮고 완만한 지형일수록 폭우 때 빗물이 모이거나 배수가 지연될 수 있습니다.",낮음
35.88779842058902,127.10374832153317,15.0,13.841316223144531,0.0,0.0,27.0,13.0,73.28102710413694,"해당 지점 고도 15.0m, 주변 평균 대비 0.0m 낮음. 상대적으로 낮고 완만한 지형일수록 폭우 때 빗물이 모이거나 배수가 지연될 수 있습니다.",낮음
35.84105567191978,127.07490921020508,26.0,32.62140655517578,6.621406555175781,2.0,27.0,13.0,73.2640862201815,"해당 지점 고도 26.0m, 주변 평균 대비 6.6m 낮음. 상대적으로 낮고 완만한 지형일수록 폭우 때 빗물이 모이거나 배수가 지연될 수 있습니다.",낮음
35.903373209688425,127.15181350708005,22.0,25.44231605529785,3.4423160552978516,1.0,27.0,13.0,73.20990423144174,"해당 지점 고도 22.0m, 주변 평균 대비 3.4m 낮음. 상대적으로 낮고 완만한 지형일수록 폭우 때 빗물이 모이거나 배수가 지연될 수 있습니다.",낮음
35.91115945509384,127.11336135864256,14.0,14.928779602050781,0.9287796020507812,1.0,27.0,13.0,73.16938847644346,"해당 지점 고도 14.0m, 주변 평균 대비 0.9m 낮음. 상대적으로 낮고 완만한 지형일수록 폭우 때 빗물이 모이거나 배수가 지연될 수 있습니다.",낮음
35.93451359391221,127.05568313598631,14.0,18.43523597717285,4.435235977172852,3.0,27.0,13.0,73.16729512259018,"해당 지점 고도 14.0m, 주변 평균 대비 4.4m 낮음. 상대적으로 낮고 완만한 지형일수록 폭우 때 빗물이 모이거나 배수가 지연될 수 있습니다.",낮음
35.83326253391338,126.99800491333008,21.0,27.190338134765625,6.190338134765625,3.0,27.0,13.0,73.1108715140017,"해당 지점 고도 21.0m, 주변 평균 대비 6.2m 낮음. 상대적으로 낮고 완만한 지형일수록 폭우 때 빗물이 모이거나 배수가 지연될 수 있습니다.",낮음
35.85663965115517,127.10374832153317,19.0,19.289878845214844,0.28987884521484375,0.0,27.0,13.0,73.10132007097855,"해당 지점 고도 19.0m, 주변 평균 대비 0.3m 낮음. 상대적으로 낮고 완만한 지형일수록 폭우 때 빗물이 모이거나 배수가 지연될 수 있습니다.",낮음
35.918944934311824,127.11336135864256,14.0,16.339441299438477,2.3394412994384766,2.0,27.0,13.0,73.09749473167335,"해당 지점 고도 14.0m, 주변 평균 대비 2.3m 낮음. 상대적으로 낮고 완만한 지형일수록 폭우 때 빗물이 모이거나 배수가 지연될 수 있습니다.",낮음
35.88000987703203,127.15181350708005,21.0,27.08746337890625,6.08746337890625,3.0,27.0,13.0,73.08959571786629,"해당 지점 고도 21.0m, 주변 평균 대비 6.1m 낮음. 상대적으로 낮고 완만한 지형일수록 폭우 때 빗물이 모이거나 배수가 지연될 수 있습니다.",낮음
35.79428536275529,126.99800491333008,19.0,22.729278564453125,3.729278564453125,2.0,27.0,13.0,73.08535855551276,"해당 지점 고도 19.0m, 주변 평균 대비 3.7m 낮음. 상대적으로 낮고 완만한 지형일수록 폭우 때 빗물이 모이거나 배수가 지연될 수 있습니다.",낮음
35.942296774158116,127.15181350708005,24.0,27.40983009338379,3.409830093383789,1.0,27.0,13.0,73.08335690909075,"해당 지점 고도 24.0m, 주변 평균 대비 3.4m 낮음. 상대적으로 낮고 완만한 지형일수록 폭우 때 빗물이 모이거나 배수가 지연될 수 있습니다.",낮음
35.778689137724605,126.98839187622069,19.0,24.475635528564453,5.475635528564453,3.0,27.0,13.0,73.08289082297247,"해당 지점 고도 19.0m, 주변 평균 대비 5.5m 낮음. 상대적으로 낮고 완만한 지형일수록 폭우 때 빗물이 모이거나 배수가 지연될 수 있습니다.",낮음
35.76308985263032,126.99800491333008,26.0,29.969179153442383,3.969179153442383,1.0,27.0,13.0,73.0792085287163,"해당 지점 고도 26.0m, 주변 평균 대비 4.0m 낮음. 상대적으로 낮고 완만한 지형일수록 폭우 때 빗물이 모이거나 배수가 지연될 수 있습니다.",낮음
35.731882104476455,126.98839187622069,17.0,18.285297393798828,1.2852973937988281,1.0,27.0,13.0,73.06337762532767,"해당 지점 고도 17.0m, 주변 평균 대비 1.3m 낮음. 상대적으로 낮고 완만한 지형일수록 폭우 때 빗물이 모이거나 배수가 지연될 수 있습니다.",낮음
35.81767396146806,127.0268440246582,21.0,28.628070831298828,7.628070831298828,4.0,27.0,13.0,73.04457639305521,"해당 지점 고도 21.0m, 주변 평균 대비 7.6m 낮음. 상대적으로 낮고 완만한 지형일수록 폭우 때 빗물이 모이거나 배수가 지연될 수 있습니다.",낮음
35.91115945509384,127.15181350708005,20.0,21.866722106933594,1.8667221069335938,1.0,27.0,13.0,73.00388036026023,"해당 지점 고도 20.0m, 주변 평균 대비 1.9m 낮음. 상대적으로 낮고 완만한 지형일수록 폭우 때 빗물이 모이거나 배수가 지연될 수 있습니다.",낮음
35.770889877650674,126.97877883911133,16.0,18.3548526763916,2.3548526763916016,2.0,27.0,13.0,72.98085318269362,"해당 지점 고도 16.0m, 주변 평균 대비 2.4m 낮음. 상대적으로 낮고 완만한 지형일수록 폭우 때 빗물이 모이거나 배수가 지연될 수 있습니다.",낮음
35.92672964727403,127.06529617309569,20.0,23.50645637512207,3.5064563751220703,2.0,27.0,13.0,72.97936171034074,"해당 지점 고도 20.0m, 주변 평균 대비 3.5m 낮음. 상대적으로 낮고 완만한 지형일수록 폭우 때 빗물이 모이거나 배수가 지연될 수 있습니다.",낮음
35.84105567191978,127.10374832153317,20.0,30.511037826538086,10.511037826538086,6.0,27.0,13.0,72.97345198502963,"해당 지점 고도 20.0m, 주변 평균 대비 10.5m 낮음. 상대적으로 낮고 완만한 지형일수록 폭우 때 빗물이 모이거나 배수가 지연될 수 있습니다.",낮음
35.92672964727403,127.14220046997069,21.0,22.977092742919922,1.9770927429199219,1.0,27.0,13.0,72.96679199089466,"해당 지점 고도 21.0m, 주변 평균 대비 2.0m 낮음. 상대적으로 낮고 완만한 지형일수록 폭우 때 빗물이 모이거나 배수가 지연될 수 있습니다.",낮음
35.724078255768404,126.99800491333008,23.0,27.204914093017578,4.204914093017578,2.0,27.0,13.0,72.94406834573071,"해당 지점 고도 23.0m, 주변 평균 대비 4.2m 낮음. 상대적으로 낮고 완만한 지형일수록 폭우 때 빗물이 모이거나 배수가 지연될 수 있습니다.",낮음
35.848848044356686,127.10374832153317,17.0,22.955852508544922,5.955852508544922,4.0,27.0,13.0,72.9383981993826,"해당 지점 고도 17.0m, 주변 평균 대비 6.0m 낮음. 상대적으로 낮고 완만한 지형일수록 폭우 때 빗물이 모이거나 배수가 지연될 수 있습니다.",낮음
35.91115945509384,127.07490921020508,16.0,18.14077377319336,2.1407737731933594,2.0,27.0,13.0,72.93657896728199,"해당 지점 고도 16.0m, 주변 평균 대비 2.1m 낮음. 상대적으로 낮고 완만한 지형일수록 폭우 때 빗물이 모이거나 배수가 지연될 수 있습니다.",낮음
35.91115945509384,127.12297439575195,16.0,16.34568977355957,0.3456897735595703,1.0,27.0,13.0,72.92896933472528,"해당 지점 고도 16.0m, 주변 평균 대비 0.3m 낮음. 상대적으로 낮고 완만한 지형일수록 폭우 때 빗물이 모이거나 배수가 지연될 수 있습니다.",낮음
35.81767396146806,127.11336135864256,23.0,27.089130401611328,4.089130401611328,2.0,27.0,13.0,72.92012281902122,"해당 지점 고도 23.0m, 주변 평균 대비 4.1m 낮음. 상대적으로 낮고 완만한 지형일수록 폭우 때 빗물이 모이거나 배수가 지연될 수 있습니다.",낮음
35.91115945509384,127.10374832153317,15.0,13.32819652557373,0.0,1.0,27.0,13.0,72.91739074050058,"해당 지점 고도 15.0m, 주변 평균 대비 0.0m 낮음. 상대적으로 낮고 완만한 지형일수록 폭우 때 빗물이 모이거나 배수가 지연될 수 있습니다.",낮음
35.848848044356686,127.04607009887695,24.0,31.829654693603516,7.829654693603516,4.0,27.0,13.0,72.90652325255796,"해당 지점 고도 24.0m, 주변 평균 대비 7.8m 낮음. 상대적으로 낮고 완만한 지형일수록 폭우 때 빗물이 모이거나 배수가 지연될 수 있습니다.",낮음
35.92672964727403,127.11336135864256,17.0,17.480632781982422,0.4806327819824219,1.0,27.0,13.0,72.89696284168745,"해당 지점 고도 17.0m, 주변 평균 대비 0.5m 낮음. 상대적으로 낮고 완만한 지형일수록 폭우 때 빗물이 모이거나 배수가 지연될 수 있습니다.",낮음
35.85663965115517,127.0268440246582,15.0,18.407747268676758,3.407747268676758,3.0,27.0,13.0,72.89488309931419,"해당 지점 고도 15.0m, 주변 평균 대비 3.4m 낮음. 상대적으로 낮고 완만한 지형일수록 폭우 때 빗물이 모이거나 배수가 지연될 수 있습니다.",낮음
35.8722205675616,127.10374832153317,14.0,15.265722274780273,1.2657222747802734,2.0,27.0,13.0,72.8754361043211,"해당 지점 고도 14.0m, 주변 평균 대비 1.3m 낮음. 상대적으로 낮고 완만한 지형일수록 폭우 때 빗물이 모이거나 배수가 지연될 수 있습니다.",낮음
35.942296774158116,127.07490921020508,20.0,22.888795852661133,2.888795852661133,2.0,27.0,13.0,72.85162172936106,"해당 지점 고도 20.0m, 주변 평균 대비 2.9m 낮음. 상대적으로 낮고 완만한 지형일수록 폭우 때 빗물이 모이거나 배수가 지연될 수 있습니다.",낮음
35.92672964727403,127.13258743286131,19.0,21.571428298950195,2.5714282989501953,2.0,27.0,13.0,72.84590052717161,"해당 지점 고도 19.0m, 주변 평균 대비 2.6m 낮음. 상대적으로 낮고 완만한 지형일수록 폭우 때 빗물이 모이거나 배수가 지연될 수 있습니다.",낮음
35.770889877650674,126.99800491333008,24.0,29.699291229248047,5.699291229248047,3.0,27.0,13.0,72.82957360086618,"해당 지점 고도 24.0m, 주변 평균 대비 5.7m 낮음. 상대적으로 낮고 완만한 지형일수록 폭우 때 빗물이 모이거나 배수가 지연될 수 있습니다.",낮음
35.88779842058902,127.14220046997069,22.0,23.500625610351562,1.5006256103515625,1.0,27.0,13.0,72.80833817454429,"해당 지점 고도 22.0m, 주변 평균 대비 1.5m 낮음. 상대적으로 낮고 완만한 지형일수록 폭우 때 빗물이 모이거나 배수가 지연될 수 있습니다.",낮음
35.903373209688425,127.13258743286131,15.0,16.09246063232422,1.0924606323242188,2.0,27.0,13.0,72.77968900489925,"해당 지점 고도 15.0m, 주변 평균 대비 1.1m 낮음. 상대적으로 낮고 완만한 지형일수록 폭우 때 빗물이 모이거나 배수가 지연될 수 있습니다.",낮음
35.770889877650674,126.96916580200197,17.0,20.30445671081543,3.3044567108154297,3.0,27.0,13.0,72.75369249410689,"해당 지점 고도 17.0m, 주변 평균 대비 3.3m 낮음. 상대적으로 낮고 완만한 지형일수록 폭우 때 빗물이 모이거나 배수가 지연될 수 있습니다.",낮음
35.73968518858643,126.98839187622069,19.0,19.089130401611328,0.08913040161132812,1.0,27.0,13.0,72.69616639899058,"해당 지점 고도 19.0m, 주변 평균 대비 0.1m 낮음. 상대적으로 낮고 완만한 지형일수록 폭우 때 빗물이 모이거나 배수가 지연될 수 있습니다.",낮음
35.76308985263032,126.98839187622069,17.0,19.94377326965332,2.9437732696533203,3.0,27.0,13.0,72.67909861245461,"해당 지점 고도 17.0m, 주변 평균 대비 2.9m 낮음. 상대적으로 낮고 완만한 지형일수록 폭우 때 빗물이 모이거나 배수가 지연될 수 있습니다.",낮음
35.895586198164004,127.12297439575195,15.0,15.59142017364502,0.5914201736450195,2.0,27.0,13.0,72.67606752297789,"해당 지점 고도 15.0m, 주변 평균 대비 0.6m 낮음. 상대적으로 낮고 완만한 지형일수록 폭우 때 빗물이 모이거나 배수가 지연될 수 있습니다.",낮음
35.79428536275529,127.01723098754884,24.0,30.68846321105957,6.68846321105957,4.0,27.0,13.0,72.67051047049846,"해당 지점 고도 24.0m, 주변 평균 대비 6.7m 낮음. 상대적으로 낮고 완만한 지형일수록 폭우 때 빗물이 모이거나 배수가 지연될 수 있습니다.",낮음
35.918944934311824,127.14220046997069,21.0,21.390254974365234,0.3902549743652344,1.0,27.0,13.0,72.63861394000453,"해당 지점 고도 21.0m, 주변 평균 대비 0.4m 낮음. 상대적으로 낮고 완만한 지형일수록 폭우 때 빗물이 모이거나 배수가 지연될 수 있습니다.",낮음
35.84105567191978,127.0268440246582,15.0,20.667638778686523,5.667638778686523,5.0,27.0,13.0,72.63498441977013,"해당 지점 고도 15.0m, 주변 평균 대비 5.7m 낮음. 상대적으로 낮고 완만한 지형일수록 폭우 때 빗물이 모이거나 배수가 지연될 수 있습니다.",낮음
35.80987852716727,127.01723098754884,24.0,30.425655364990234,6.425655364990234,4.0,27.0,13.0,72.61615849552611,"해당 지점 고도 24.0m, 주변 평균 대비 6.4m 낮음. 상대적으로 낮고 완만한 지형일수록 폭우 때 빗물이 모이거나 배수가 지연될 수 있습니다.",낮음
35.942296774158116,127.0268440246582,15.0,18.72553062438965,3.7255306243896484,4.0,27.0,13.0,72.59696833895057,"해당 지점 고도 15.0m, 주변 평균 대비 3.7m 낮음. 상대적으로 낮고 완만한 지형일수록 폭우 때 빗물이 모이거나 배수가 지연될 수 있습니다.",낮음
35.81767396146806,127.10374832153317,27.0,30.6380672454834,3.6380672454833984,2.0,27.0,13.0,72.58717964122229,"해당 지점 고도 27.0m, 주변 평균 대비 3.6m 낮음. 상대적으로 낮고 완만한 지형일수록 폭우 때 빗물이 모이거나 배수가 지연될 수 있습니다.",낮음
35.92672964727403,127.10374832153317,15.0,16.860891342163086,1.860891342163086,3.0,27.0,13.0,72.5749737972855,"해당 지점 고도 15.0m, 주변 평균 대비 1.9m 낮음. 상대적으로 낮고 완만한 지형일수록 폭우 때 빗물이 모이거나 배수가 지연될 수 있습니다.",낮음
35.747487508028556,126.98839187622069,23.0,23.62224006652832,0.6222400665283203,1.0,27.0,13.0,72.56676256500482,"해당 지점 고도 23.0m, 주변 평균 대비 0.6m 낮음. 상대적으로 낮고 완만한 지형일수록 폭우 때 빗물이 모이거나 배수가 지연될 수 있습니다.",낮음
35.918944934311824,127.13258743286131,21.0,19.951271057128906,0.0,1.0,27.0,13.0,72.55790429256905,"해당 지점 고도 21.0m, 주변 평균 대비 0.0m 낮음. 상대적으로 낮고 완만한 지형일수록 폭우 때 빗물이 모이거나 배수가 지연될 수 있습니다.",낮음
35.86443049224641,127.01723098754884,15.0,12.90295696258545,0.0,2.0,27.0,13.0,72.5537543768642,"해당 지점 고도 15.0m, 주변 평균 대비 0.0m 낮음. 상대적으로 낮고 완만한 지형일수록 폭우 때 빗물이 모이거나 배수가 지연될 수 있습니다.",낮음
35.86443049224641,127.10374832153317,16.0,16.28862953186035,0.28862953186035156,2.0,27.0,13.0,72.55353219392364,"해당 지점 고도 16.0m, 주변 평균 대비 0.3m 낮음. 상대적으로 낮고 완만한 지형일수록 폭우 때 빗물이 모이거나 배수가 지연될 수 있습니다.",낮음
35.918944934311824,127.12297439575195,16.0,18.00083351135254,2.000833511352539,3.0,27.0,13.0,72.54400119370314,"해당 지점 고도 16.0m, 주변 평균 대비 2.0m 낮음. 상대적으로 낮고 완만한 지형일수록 폭우 때 빗물이 모이거나 배수가 지연될 수 있습니다.",낮음
35.88779842058902,127.11336135864256,17.0,17.356935501098633,0.3569355010986328,2.0,27.0,13.0,72.5077443212955,"해당 지점 고도 17.0m, 주변 평균 대비 0.4m 낮음. 상대적으로 낮고 완만한 지형일수록 폭우 때 빗물이 모이거나 배수가 지연될 수 있습니다.",낮음
35.8722205675616,127.11336135864256,22.0,22.02499008178711,0.024990081787109375,1.0,27.0,13.0,72.50315814846667,"해당 지점 고도 22.0m, 주변 평균 대비 0.0m 낮음. 상대적으로 낮고 완만한 지형일수록 폭우 때 빗물이 모이거나 배수가 지연될 수 있습니다.",낮음
35.81767396146806,126.95955276489259,22.0,18.535194396972656,0.0,1.0,27.0,13.0,72.49798988458046,"해당 지점 고도 22.0m, 주변 평균 대비 0.0m 낮음. 상대적으로 낮고 완만한 지형일수록 폭우 때 빗물이 모이거나 배수가 지연될 수 있습니다.",낮음
